pubrdc_source	pubrdc_celline	pubrdc_batch	pubrdc_cluster	pubrdc_group	pubrdc_chrom	rdcpub_bait_chrom	pubrdc_start	pubrdc_end	pubrdc_mm9_start	pubrdc_mm9_end	pubrdc_gene 	pubrdc_strand
Tena2020	NPC	1	RDC_001	1	chr5	chr15, chr12, chr7	131434130	132154129	131910000	132629999	Auts2	
Tena2020	NPC	1	RDC_002	1	chr5	chr15, chr12, chr7	19544182	19664181	19050000	19169999	Magi2	
Tena2020	NPC	1	RDC_003	1	chr19	chr15, chr12, chr7	30825510	31545509	30900000	31619999	Prkg1	
Tena2020	NPC	1	RDC_004	1	chr16	chr15, chr12, chr7	6269907	6989906	6270000	6989999	Rbfox1	
Tena2020	NPC	1	RDC_005	1	chr14	chr15, chr12, chr7	38696712	38906711	39510000	39719999	Nrg3	
Tena2020	NPC	1	RDC_006	1	chr3	chr15, chr12, chr7	24131078	24791077	24030000	24689999	Naaladl2	
Tena2020	NPC	1	RDC_007	1	chr8	chr15, chr12, chr7	114746100	115256099	117270000	117779999	Wwox	
Tena2020	NPC	1	RDC_008	1	chr6	chr12, chr15, chr7	61580006	61850005	61530000	61799999	Ccser1	
Tena2020	NPC	1	RDC_009	1	chr10	chr12, chr7, chr15	32230194	32770193	31950000	32489999	Nkain2	
Tena2020	NPC	1	RDC_010	1	chr6	chr12, chr7, chr15	77150006	77660005	77100000	77609999	Ctnna2	
Tena2020	NPC	1	RDC_011	1	chr8	chr15, chr7, chr12	16440000	17039999	16440000	17039999	Csmd1	
Tena2020	NPC	1	RDC_012	1	chr18	chr15, chr7, chr12	71480346	72050345	71640000	72209999	Dcc	
Tena2020	NPC	1	RDC_013	1	chr6	chr15, chr12, chr7	63680006	64040005	63630000	63989999	Grid2	
Tena2020	NPC	1	RDC_014	1	chr8	chr15, chr7, chr12	118766100	118856099	121290000	121379999	Cdh13	
Tena2020	NPC	1	RDC_015	2	chr9	chr12, chr15	121890882	121950881	121800000	121859999	Ackr2/1700048O20Rik	
Tena2020	NPC	1	RDC_016	1	chr14	chr15, chr7	93410781	93650780	93810000	94049999	Pcdh9	
Tena2020	NPC	1	RDC_017	1	chr5	chr15, chr12, chr7	141304046	142204045	141780000	142679999	Sdk1	
Tena2020	NPC	1	RDC_018	1	chr7	chr15, chr12, chr7	96681490	96771489	103830000	103919999	Tenm4	
Tena2020	NPC	1	RDC_019	2	chr18	chr12, chr7	25341499	25551498	25500000	25709999	Tpgs2/Celf4	
Tena2020	NPC	1	RDC_020	1	chr9	chr15, chr12	116970882	117270881	116880000	117179999	Rbms3	
Tena2020	NPC	1	RDC_021	1	chr14	chr12, chr7	117380778	117770777	117780000	118169999	Gpc6	
Tena2020	NPC	1	RDC_022	1	chr15	chr15, chr12	30340245	31000244	30270000	30929999	Ctnnd2	
Tena2020	NPC	2	RDC_023	1	chr5	chr15, chr12, chr7	131434130	132484129	131910000	132959999	Auts2	
Tena2020	NPC	2	RDC_024	1	chr14	chr15, chr12, chr7	38696712	39386711	39510000	40199999	Nrg3	
Tena2020	NPC	2	RDC_025	1	chr16	chr15, chr12, chr7	6329907	7289906	6330000	7289999	Rbfox1	
Tena2020	NPC	2	RDC_026	1	chr5	chr15, chr12, chr7	19514182	20714181	19020000	20219999	Magi2	
Tena2020	NPC	2	RDC_027	1	chr3	chr15, chr12, chr7	24131078	24941077	24030000	24839999	Naaladl2	
Tena2020	NPC	2	RDC_028	1	chr19	chr15, chr12, chr7	30885510	31335509	30960000	31409999	Prkg1	
Tena2020	NPC	2	RDC_029	1	chr8	chr15, chr7, chr12	16410000	17309999	16410000	17309999	Csmd1	
Tena2020	NPC	2	RDC_030	1	chr8	chr15, chr7, chr12	118226100	119096099	120750000	121619999	Cdh13	
Tena2020	NPC	2	RDC_031	1	chr8	chr15, chr12, chr7	114416100	115136099	116940000	117659999	Wwox	
Tena2020	NPC	2	RDC_032	1	chr6	chr12, chr7, chr15	77210006	77930005	77160000	77879999	Ctnna2	
Tena2020	NPC	2	RDC_033	1	chr10	chr12, chr7, chr15	31810194	32500193	31530000	32219999	Nkain2	
Tena2020	NPC	2	RDC_034	1	chr6	chr12, chr15, chr7	61640006	62000005	61590000	61949999	Ccser1	
Tena2020	NPC	2	RDC_035	1	chr6	chr15, chr12, chr7	63590006	64250005	63540000	64199999	Grid2	
Tena2020	NPC	2	RDC_036	1	chr18	chr15, chr7, chr12	71300346	72020345	71460000	72179999	Dcc	
Tena2020	NPC	2	RDC_037	1	chr4	chr15, chr12	65258966	65978965	64920000	65639999	Astn2	
Tena2020	NPC	2	RDC_038	1	chr10	chr12, chr7	49330194	49570193	49050000	49289999	Grik2	
Tena2020	NPC	2	RDC_039	2	chr18	chr12, chr7	24711499	25431498	24870000	25589999	Tpgs2/Celf4	
Tena2020	NPC	2	RDC_040	1	chr5	chr15, chr12, chr7	141064046	142054045	141540000	142529999	Sdk1	
Tena2020	NPC	2	RDC_041	1	chr1	chr15, chr12	61813426	62383425	61860000	62429999	Pard3b	
Tena2020	NPC	2	RDC_042	1	chr1	chr12, chr7	25233155	25713154	25290000	25769999	Bai3	
Tena2020	NPC	2	RDC_043	1	chr7	chr15, chr12, chr7	96291490	96951489	103440000	104099999	Tenm4	
Tena2020	NPC	2	RDC_044	1	chr2	chr12, chr7	41454480	42084479	41310000	41939999	Lrp1b	
Tena2020	NPC	2	RDC_045	1	chr17	chr15, chr7	90260660	90560659	90660000	90959999	Nrxn1	
Tena2020	NPC	2	RDC_046	1	chr12	chr15, chr12	34505135	34805134	35190000	35489999	Hdac9	
Tena2020	ESC	1	RDC_047	1	chr8	chr15, chr12, chr7	114596100	115256099	117120000	117779999	Wwox	
Tena2020	ESC	1	RDC_048	1	chr5	chr15, chr12, chr7	131644130	132634129	132120000	133109999	Auts2	
Tena2020	ESC	1	RDC_049	1	chr1	chr12, chr7	25263155	25653154	25320000	25709999	Bai3	
Tena2020	ESC	1	RDC_050	1	chr14	chr12, chr7	117200778	117440777	117600000	117839999	Gpc6	
Tena2020	ESC	1	RDC_051	1	chr14	chr15, chr12	9877486	10087485	10710000	10919999	Fhit	
Tena2020	ESC	2	RDC_052	1	chr5	chr15, chr12, chr7	131434130	132484129	131910000	132959999	Auts2	
Tena2020	ESC	2	RDC_053	1	chr8	chr15, chr12, chr7	114416100	115136099	116940000	117659999	Wwox	
Tena2020	ESC	2	RDC_054	1	chr3	chr15, chr12	55696078	55996077	55500000	55799999	Nbea	
Tena2020	ESC	2	RDC_055	1	chr14	chr15, chr12	9877486	10387485	10710000	11219999	Fhit	
Tena2020	ESC	2	RDC_056	1	chr7	chr15, chr7	134678317	135218316	141870000	142409999	Dock1	
Wei2016	NSPC	1	Chr12-sgRNA-1-Cluster001		chr1	chr12	25590000	25829999	25590000	25829999		
Wei2016	NSPC	1	Chr12-sgRNA-1-Cluster002		chr1	chr12	61980000	62429999	61980000	62429999		
Wei2016	NSPC	1	Chr12-sgRNA-1-Cluster003		chr1	chr12	62640000	62669999	62640000	62669999		
Wei2016	NSPC	1	Chr12-sgRNA-1-Cluster004		chr1	chr12	68760000	68879999	68760000	68879999		
Wei2016	NSPC	1	Chr12-sgRNA-1-Cluster005		chr1	chr12			133170000	133409999		
Wei2016	NSPC	1	Chr12-sgRNA-1-Cluster006		chr1	chr12			178980000	179009999		
Wei2016	NSPC	1	Chr12-sgRNA-1-Cluster007		chr10	chr12	4950000	5189999	4950000	5189999		
Wei2016	NSPC	1	Chr12-sgRNA-1-Cluster008		chr10	chr12	8730000	8789999	8730000	8789999		
Wei2016	NSPC	1	Chr12-sgRNA-1-Cluster009		chr10	chr12	18090000	18239999	18090000	18239999		
Wei2016	NSPC	1	Chr12-sgRNA-1-Cluster010		chr10	chr12	27870000	27899999	27870000	27899999		
Wei2016	NSPC	1	Chr12-sgRNA-1-Cluster011		chr10	chr12	31710000	32279999	31710000	32279999		
Wei2016	NSPC	1	Chr12-sgRNA-1-Cluster012		chr10	chr12	48870000	49229999	48870000	49229999		
Wei2016	NSPC	1	Chr12-sgRNA-1-Cluster013		chr10	chr12	90180000	90239999	90180000	90239999		
Wei2016	NSPC	1	Chr12-sgRNA-1-Cluster014		chr10	chr12	90480000	90629999	90480000	90629999		
Wei2016	NSPC	1	Chr12-sgRNA-1-Cluster015		chr10	chr12	109560000	109739999	109560000	109739999		
Wei2016	NSPC	1	Chr12-sgRNA-1-Cluster016		chr11	chr12	19830000	19949999	19830000	19949999		
Wei2016	NSPC	1	Chr12-sgRNA-1-Cluster017		chr11	chr12	25710000	26009999	25710000	26009999		
Wei2016	NSPC	1	Chr12-sgRNA-1-Cluster018		chr11	chr12	75060000	75149999	75060000	75149999		
Wei2016	NSPC	1	Chr12-sgRNA-1-Cluster019		chr11	chr12	93900000	93959999	93900000	93959999		
Wei2016	NSPC	1	Chr12-sgRNA-1-Cluster020		chr11	chr12	96630000	96749999	96630000	96749999		
Wei2016	NSPC	1	Chr12-sgRNA-1-Cluster021		chr11	chr12	108030000	108149999	108030000	108149999		
Wei2016	NSPC	1	Chr12-sgRNA-1-Cluster022		chr11	chr12	119850000	119879999	119850000	119879999		
Wei2016	NSPC	1	Chr12-sgRNA-1-Cluster023		chr12	chr12	3060000	17039999	3060000	17039999		
Wei2016	NSPC	1	Chr12-sgRNA-1-Cluster024		chr12	chr12	20190000	20249999	20190000	20249999		
Wei2016	NSPC	1	Chr12-sgRNA-1-Cluster025		chr12	chr12	21060000	21599999	21060000	21599999		
Wei2016	NSPC	1	Chr12-sgRNA-1-Cluster026		chr12	chr12	26190000	26279999	26190000	26279999		
Wei2016	NSPC	1	Chr12-sgRNA-1-Cluster027		chr12	chr12	27000000	27299999	27000000	27299999		
Wei2016	NSPC	1	Chr12-sgRNA-1-Cluster028		chr12	chr12	29670000	29759999	29670000	29759999		
Wei2016	NSPC	1	Chr12-sgRNA-1-Cluster029		chr12	chr12	30330000	30509999	30330000	30509999		
Wei2016	NSPC	1	Chr12-sgRNA-1-Cluster030		chr12	chr12	31500000	31769999	31500000	31769999		
Wei2016	NSPC	1	Chr12-sgRNA-1-Cluster031		chr12	chr12	34770000	35549999	34770000	35549999		
Wei2016	NSPC	1	Chr12-sgRNA-1-Cluster032		chr12	chr12	38580000	39449999	38580000	39449999		
Wei2016	NSPC	1	Chr12-sgRNA-1-Cluster033		chr12	chr12	41070000	41309999	41070000	41309999		
Wei2016	NSPC	1	Chr12-sgRNA-1-Cluster034		chr12	chr12	45900000	46079999	45900000	46079999		
Wei2016	NSPC	1	Chr12-sgRNA-1-Cluster035		chr12	chr12	46200000	46289999	46200000	46289999		
Wei2016	NSPC	1	Chr12-sgRNA-1-Cluster036		chr12	chr12	53400000	53489999	53400000	53489999		
Wei2016	NSPC	1	Chr12-sgRNA-1-Cluster037		chr12	chr12	54060000	55169999	54060000	55169999		
Wei2016	NSPC	1	Chr12-sgRNA-1-Cluster038		chr12	chr12	55680000	55919999	55680000	55919999		
Wei2016	NSPC	1	Chr12-sgRNA-1-Cluster039		chr12	chr12	57540000	57659999	57540000	57659999		
Wei2016	NSPC	1	Chr12-sgRNA-1-Cluster040		chr12	chr12	63270000	63449999	63270000	63449999		
Wei2016	NSPC	1	Chr12-sgRNA-1-Cluster041		chr12	chr12	65490000	66509999	65490000	66509999		
Wei2016	NSPC	1	Chr12-sgRNA-1-Cluster042		chr12	chr12	67560000	68309999	67560000	68309999		
Wei2016	NSPC	1	Chr12-sgRNA-1-Cluster043		chr12	chr12	71190000	71549999	71190000	71549999		
Wei2016	NSPC	1	Chr12-sgRNA-1-Cluster044		chr12	chr12	71880000	72209999	71880000	72209999		
Wei2016	NSPC	1	Chr12-sgRNA-1-Cluster045		chr12	chr12	76830000	77189999	76830000	77189999		
Wei2016	NSPC	1	Chr12-sgRNA-1-Cluster046		chr12	chr12	79260000	79949999	79260000	79949999		
Wei2016	NSPC	1	Chr12-sgRNA-1-Cluster047		chr12	chr12	80310000	80459999	80310000	80459999		
Wei2016	NSPC	1	Chr12-sgRNA-1-Cluster048		chr12	chr12	90030000	91469999	90030000	91469999		
Wei2016	NSPC	1	Chr12-sgRNA-1-Cluster049		chr12	chr12	92310000	92339999	92310000	92339999		
Wei2016	NSPC	1	Chr12-sgRNA-1-Cluster050		chr12	chr12	98430000	98519999	98430000	98519999		
Wei2016	NSPC	1	Chr12-sgRNA-1-Cluster051		chr12	chr12	111870000	112019999	111870000	112019999		
Wei2016	NSPC	1	Chr12-sgRNA-1-Cluster052		chr12	chr12	112830000	113039999	112830000	113039999		
Wei2016	NSPC	1	Chr12-sgRNA-1-Cluster053		chr12	chr12	115350000	115529999	115350000	115529999		
Wei2016	NSPC	1	Chr12-sgRNA-1-Cluster054		chr13	chr12	9000000	9029999	9000000	9029999		
Wei2016	NSPC	1	Chr12-sgRNA-1-Cluster055		chr13	chr12	11880000	11939999	11880000	11939999		
Wei2016	NSPC	1	Chr12-sgRNA-1-Cluster056		chr13	chr12	34200000	34349999	34200000	34349999		
Wei2016	NSPC	1	Chr12-sgRNA-1-Cluster057		chr13	chr12	36210000	36419999	36210000	36419999		
Wei2016	NSPC	1	Chr12-sgRNA-1-Cluster058		chr13	chr12	49470000	49589999	49470000	49589999		
Wei2016	NSPC	1	Chr12-sgRNA-1-Cluster059		chr13	chr12	77160000	77249999	77160000	77249999		
Wei2016	NSPC	1	Chr12-sgRNA-1-Cluster060		chr14	chr12	12390000	12749999	12390000	12749999		
Wei2016	NSPC	1	Chr12-sgRNA-1-Cluster061		chr14	chr12	15600000	15659999	15600000	15659999		
Wei2016	NSPC	1	Chr12-sgRNA-1-Cluster062		chr14	chr12	24360000	24779999	24360000	24779999		
Wei2016	NSPC	1	Chr12-sgRNA-1-Cluster063		chr14	chr12	65580000	65699999	65580000	65699999		
Wei2016	NSPC	1	Chr12-sgRNA-1-Cluster064		chr14	chr12	93630000	93839999	93630000	93839999		
Wei2016	NSPC	1	Chr12-sgRNA-1-Cluster065		chr14	chr12	94050000	94109999	94050000	94109999		
Wei2016	NSPC	1	Chr12-sgRNA-1-Cluster066		chr14	chr12	117720000	118019999	117720000	118019999		
Wei2016	NSPC	1	Chr12-sgRNA-1-Cluster067		chr15	chr12	8520000	8669999	8520000	8669999		
Wei2016	NSPC	1	Chr12-sgRNA-1-Cluster068		chr15	chr12	12390000	12749999	12390000	12449999		
Wei2016	NSPC	1	Chr12-sgRNA-1-Cluster069		chr15	chr12	41310000	41489999	41310000	41489999		
Wei2016	NSPC	1	Chr12-sgRNA-1-Cluster070		chr15	chr12	47640000	48059999	47640000	48059999		
Wei2016	NSPC	1	Chr12-sgRNA-1-Cluster071		chr15	chr12	62040000	62129999	62040000	62129999		
Wei2016	NSPC	1	Chr12-sgRNA-1-Cluster072		chr15	chr12	73410000	73469999	73410000	73469999		
Wei2016	NSPC	1	Chr12-sgRNA-1-Cluster073		chr15	chr12	85980000	86099999	85980000	86099999		
Wei2016	NSPC	1	Chr12-sgRNA-1-Cluster074		chr16	chr12	5010000	5069999	5010000	5069999		
Wei2016	NSPC	1	Chr12-sgRNA-1-Cluster075		chr16	chr12	6420000	6599999	6420000	6599999		
Wei2016	NSPC	1	Chr12-sgRNA-1-Cluster076		chr16	chr12	6720000	6899999	6720000	6899999		
Wei2016	NSPC	1	Chr12-sgRNA-1-Cluster077		chr16	chr12	24690000	24809999	24690000	24809999		
Wei2016	NSPC	1	Chr12-sgRNA-1-Cluster078		chr16	chr12	28530000	28649999	28530000	28649999		
Wei2016	NSPC	1	Chr12-sgRNA-1-Cluster079		chr16	chr12	33030000	33089999	33030000	33089999		
Wei2016	NSPC	1	Chr12-sgRNA-1-Cluster080		chr16	chr12	40020000	40649999	40020000	40649999		
Wei2016	NSPC	1	Chr12-sgRNA-1-Cluster081		chr16	chr12	64830000	64919999	64830000	64919999		
Wei2016	NSPC	1	Chr12-sgRNA-1-Cluster082		chr16	chr12	66900000	67139999	66900000	67139999		
Wei2016	NSPC	1	Chr12-sgRNA-1-Cluster083		chr16	chr12	67260000	67319999	67260000	67319999		
Wei2016	NSPC	1	Chr12-sgRNA-1-Cluster084		chr16	chr12	72330000	72479999	72330000	72479999		
Wei2016	NSPC	1	Chr12-sgRNA-1-Cluster085		chr17	chr12	3390000	3539999	3390000	3539999		
Wei2016	NSPC	1	Chr12-sgRNA-1-Cluster086		chr17	chr12	6030000	6209999	6030000	6209999		
Wei2016	NSPC	1	Chr12-sgRNA-1-Cluster087		chr17	chr12	15210000	15239999	15210000	15239999		
Wei2016	NSPC	1	Chr12-sgRNA-1-Cluster088		chr17	chr12	25830000	25949999	25830000	25949999		
Wei2016	NSPC	1	Chr12-sgRNA-1-Cluster089		chr17	chr12	45780000	45869999	45780000	45869999		
Wei2016	NSPC	1	Chr12-sgRNA-1-Cluster090		chr17	chr12	70230000	70409999	70230000	70409999		
Wei2016	NSPC	1	Chr12-sgRNA-1-Cluster091		chr17	chr12	70710000	70859999	70710000	70859999		
Wei2016	NSPC	1	Chr12-sgRNA-1-Cluster092		chr17	chr12	85500000	85619999	85500000	85619999		
Wei2016	NSPC	1	Chr12-sgRNA-1-Cluster093		chr17	chr12	90540000	91229999	90540000	91229999		
Wei2016	NSPC	1	Chr12-sgRNA-1-Cluster094		chr18	chr12	21210000	21299999	21210000	21299999		
Wei2016	NSPC	1	Chr12-sgRNA-1-Cluster095		chr18	chr12	25530000	25679999	25530000	25679999		
Wei2016	NSPC	1	Chr12-sgRNA-1-Cluster096		chr18	chr12	31950000	32009999	31950000	32009999		
Wei2016	NSPC	1	Chr12-sgRNA-1-Cluster097		chr18	chr12	35340000	35429999	35340000	35429999		
Wei2016	NSPC	1	Chr12-sgRNA-1-Cluster098		chr18	chr12	39000000	39179999	39000000	39179999		
Wei2016	NSPC	1	Chr12-sgRNA-1-Cluster099		chr18	chr12	69510000	69869999	69510000	69869999		
Wei2016	NSPC	1	Chr12-sgRNA-1-Cluster100		chr18	chr12	71850000	72239999	71850000	72239999		
Wei2016	NSPC	1	Chr12-sgRNA-1-Cluster101		chr18	chr12	80430000	80519999	80430000	80519999		
Wei2016	NSPC	1	Chr12-sgRNA-1-Cluster102		chr19	chr12	4170000	4259999	4170000	4259999		
Wei2016	NSPC	1	Chr12-sgRNA-1-Cluster103		chr19	chr12	4890000	5069999	4890000	5069999		
Wei2016	NSPC	1	Chr12-sgRNA-1-Cluster104		chr19	chr12	30900000	31529999	30900000	31529999		
Wei2016	NSPC	1	Chr12-sgRNA-1-Cluster105		chr19	chr12	50430000	50729999	50430000	50729999		
Wei2016	NSPC	1	Chr12-sgRNA-1-Cluster106		chr2	chr12	25740000	25889999	25740000	25889999		
Wei2016	NSPC	1	Chr12-sgRNA-1-Cluster107		chr2	chr12	41850000	41999999	41850000	41999999		
Wei2016	NSPC	1	Chr12-sgRNA-1-Cluster108		chr2	chr12	42120000	42239999	42120000	42239999		
Wei2016	NSPC	1	Chr12-sgRNA-1-Cluster109		chr2	chr12	54600000	54779999	54600000	54779999		
Wei2016	NSPC	1	Chr12-sgRNA-1-Cluster110		chr2	chr12	59580000	59729999	59580000	59729999		
Wei2016	NSPC	1	Chr12-sgRNA-1-Cluster111		chr2	chr12			134700000	134789999		
Wei2016	NSPC	1	Chr12-sgRNA-1-Cluster112		chr2	chr12			135090000	135239999		
Wei2016	NSPC	1	Chr12-sgRNA-1-Cluster113		chr2	chr12			140700000	140789999		
Wei2016	NSPC	1	Chr12-sgRNA-1-Cluster114		chr3	chr12	86490000	86639999	86490000	86639999		
Wei2016	NSPC	1	Chr12-sgRNA-1-Cluster115		chr3	chr12	118680000	118739999	118680000	118739999		
Wei2016	NSPC	1	Chr12-sgRNA-1-Cluster116		chr3	chr12			148530000	148649999		
Wei2016	NSPC	1	Chr12-sgRNA-1-Cluster117		chr3	chr12			157830000	158189999		
Wei2016	NSPC	1	Chr12-sgRNA-1-Cluster118		chr4	chr12	97620000	97859999	97620000	97859999		
Wei2016	NSPC	1	Chr12-sgRNA-1-Cluster119		chr4	chr12			127860000	127919999		
Wei2016	NSPC	1	Chr12-sgRNA-1-Cluster120		chr5	chr12	3480000	3539999	3480000	3539999		
Wei2016	NSPC	1	Chr12-sgRNA-1-Cluster121		chr5	chr12	5550000	5669999	5550000	5669999		
Wei2016	NSPC	1	Chr12-sgRNA-1-Cluster122		chr5	chr12	8280000	8459999	8280000	8459999		
Wei2016	NSPC	1	Chr12-sgRNA-1-Cluster123		chr5	chr12	19050000	19199999	19050000	19199999		
Wei2016	NSPC	1	Chr12-sgRNA-1-Cluster124		chr5	chr12	81630000	81989999	81630000	81989999		
Wei2016	NSPC	1	Chr12-sgRNA-1-Cluster125		chr5	chr12			132270000	132419999		
Wei2016	NSPC	1	Chr12-sgRNA-1-Cluster126		chr5	chr12			141900000	142319999		
Wei2016	NSPC	1	Chr12-sgRNA-1-Cluster127		chr6	chr12	33510000	33629999	33510000	33629999		
Wei2016	NSPC	1	Chr12-sgRNA-1-Cluster128		chr6	chr12	36660000	36989999	36660000	36989999		
Wei2016	NSPC	1	Chr12-sgRNA-1-Cluster129		chr6	chr12			42600000	42689999		
Wei2016	NSPC	1	Chr12-sgRNA-1-Cluster130		chr6	chr12	61410000	61739999	61410000	61739999		
Wei2016	NSPC	1	Chr12-sgRNA-1-Cluster131		chr6	chr12	77190000	77759999	77190000	77759999		
Wei2016	NSPC	1	Chr12-sgRNA-1-Cluster132		chr6	chr12	86340000	86429999	86340000	86429999		
Wei2016	NSPC	1	Chr12-sgRNA-1-Cluster133		chr6	chr12			144300000	144449999		
Wei2016	NSPC	1	Chr12-sgRNA-1-Cluster134		chr7	chr12	26490000	26549999	26490000	26549999		
Wei2016	NSPC	1	Chr12-sgRNA-1-Cluster135		chr7	chr12	37050000	37199999	37050000	37199999		
Wei2016	NSPC	1	Chr12-sgRNA-1-Cluster136		chr7	chr12	56490000	56879999	56490000	56879999		
Wei2016	NSPC	1	Chr12-sgRNA-1-Cluster137		chr7	chr12	64470000	64619999	64470000	64619999		
Wei2016	NSPC	1	Chr12-sgRNA-1-Cluster138		chr7	chr12	86670000	86699999	86670000	86699999		
Wei2016	NSPC	1	Chr12-sgRNA-1-Cluster139		chr7	chr12	117360000	117449999	117360000	117449999		
Wei2016	NSPC	1	Chr12-sgRNA-1-Cluster140		chr7	chr12			124740000	124829999		
Wei2016	NSPC	1	Chr12-sgRNA-1-Cluster141		chr7	chr12			129510000	129569999		
Wei2016	NSPC	1	Chr12-sgRNA-1-Cluster142		chr8	chr12	16440000	16589999	16440000	16589999		
Wei2016	NSPC	1	Chr12-sgRNA-1-Cluster143		chr8	chr12	16710000	16829999	16710000	16829999		
Wei2016	NSPC	1	Chr12-sgRNA-1-Cluster144		chr8	chr12	49500000	49679999	49500000	49679999		
Wei2016	NSPC	1	Chr12-sgRNA-1-Cluster145		chr8	chr12	70620000	70679999	70620000	70679999		
Wei2016	NSPC	1	Chr12-sgRNA-1-Cluster146		chr8	chr12	79500000	79619999	79500000	79619999		
Wei2016	NSPC	1	Chr12-sgRNA-1-Cluster147		chr8	chr12	84240000	84569999	84240000	84569999		
Wei2016	NSPC	1	Chr12-sgRNA-1-Cluster148		chr8	chr12	117150000	117509999	117150000	117509999		
Wei2016	NSPC	1	Chr12-sgRNA-1-Cluster149		chr8	chr12	120900000	121559999	120900000	121559999		
Wei2016	NSPC	1	Chr12-sgRNA-1-Cluster150		chr9	chr12	13320000	13649999	13320000	13649999		
Wei2016	NSPC	1	Chr12-sgRNA-1-Cluster151		chr9	chr12	20700000	20819999	20700000	20819999		
Wei2016	NSPC	1	Chr12-sgRNA-1-Cluster152		chr9	chr12	21180000	21539999	21180000	21539999		
Wei2016	NSPC	1	Chr12-sgRNA-1-Cluster153		chr9	chr12	28950000	29399999	28950000	29399999		
Wei2016	NSPC	1	Chr12-sgRNA-1-Cluster154		chr9	chr12	29580000	29639999	29580000	29639999		
Wei2016	NSPC	1	Chr12-sgRNA-1-Cluster155		chr9	chr12	67410000	67439999	67410000	67439999		
Wei2016	NSPC	1	Chr12-sgRNA-1-Cluster156		chr9	chr12	69030000	69179999	69030000	69179999		
Wei2016	NSPC	1	Chr12-sgRNA-1-Cluster157		chr9	chr12	70260000	70319999	70260000	70319999		
Wei2016	NSPC	1	Chr12-sgRNA-1-Cluster158		chrX	chr12	117630000	117689999	117630000	117689999		
Wei2016	NSPC	1	Chr15-Myc-sgRNA-Cluster001		chr1	chr15	61920000	62039999	61920000	62039999		
Wei2016	NSPC	1	Chr15-Myc-sgRNA-Cluster002		chr1	chr15	80460000	80489999	80460000	80489999		
Wei2016	NSPC	1	Chr15-Myc-sgRNA-Cluster003		chr2	chr15	34770000	34859999	34770000	34859999		
Wei2016	NSPC	1	Chr15-Myc-sgRNA-Cluster004		chr2	chr15	41730000	41909999	41730000	41909999		
Wei2016	NSPC	1	Chr15-Myc-sgRNA-Cluster005		chr2	chr15			124380000	124469999		
Wei2016	NSPC	1	Chr15-Myc-sgRNA-Cluster006		chr2	chr15			135480000	135569999		
Wei2016	NSPC	1	Chr15-Myc-sgRNA-Cluster007		chr2	chr15			140520000	140669999		
Wei2016	NSPC	1	Chr15-Myc-sgRNA-Cluster008		chr3	chr15	24180000	24239999	24180000	24239999		
Wei2016	NSPC	1	Chr15-Myc-sgRNA-Cluster009		chr3	chr15	67140000	67169999	67140000	67169999		
Wei2016	NSPC	1	Chr15-Myc-sgRNA-Cluster010		chr3	chr15			108480000	108719999		
Wei2016	NSPC	1	Chr15-Myc-sgRNA-Cluster011		chr4	chr15	32070000	32099999	32070000	32099999		
Wei2016	NSPC	1	Chr15-Myc-sgRNA-Cluster012		chr4	chr15	97590000	97769999	97590000	97769999		
Wei2016	NSPC	1	Chr15-Myc-sgRNA-Cluster013		chr4	chr15			128220000	128249999		
Wei2016	NSPC	1	Chr15-Myc-sgRNA-Cluster014		chr4	chr15			130410000	130439999		
Wei2016	NSPC	1	Chr15-Myc-sgRNA-Cluster015		chr6	chr15	14820000	14969999	14820000	14969999		
Wei2016	NSPC	1	Chr15-Myc-sgRNA-Cluster016		chr6	chr15	36660000	36719999	36660000	36719999		
Wei2016	NSPC	1	Chr15-Myc-sgRNA-Cluster017		chr6	chr15	77190000	77279999	77190000	77279999		
Wei2016	NSPC	1	Chr15-Myc-sgRNA-Cluster018		chr6	chr15			112230000	112319999		
Wei2016	NSPC	1	Chr15-Myc-sgRNA-Cluster019		chr6	chr15			119250000	119399999		
Wei2016	NSPC	1	Chr15-Myc-sgRNA-Cluster020		chr6	chr15			144060000	144119999		
Wei2016	NSPC	1	Chr15-Myc-sgRNA-Cluster021		chr6	chr15			144510000	144539999		
Wei2016	NSPC	1	Chr15-Myc-sgRNA-Cluster022		chr7	chr15	86640000	86759999	86640000	86759999		
Wei2016	NSPC	1	Chr15-Myc-sgRNA-Cluster023		chr7	chr15			122580000	122849999		
Wei2016	NSPC	1	Chr15-Myc-sgRNA-Cluster024		chr8	chr15	15720000	15749999	15720000	15749999		
Wei2016	NSPC	1	Chr15-Myc-sgRNA-Cluster025		chr8	chr15	49410000	49529999	49410000	49529999		
Wei2016	NSPC	1	Chr15-Myc-sgRNA-Cluster026		chr8	chr15			121380000	121559999		
Wei2016	NSPC	1	Chr15-Myc-sgRNA-Cluster027		chr9	chr15	29130000	29279999	29130000	29279999		
Wei2016	NSPC	1	Chr15-Myc-sgRNA-Cluster028		chr9	chr15			116700000	116999999		
Wei2016	NSPC	1	Chr15-Myc-sgRNA-Cluster029		chr10	chr15	39540000	39569999	39540000	39569999		
Wei2016	NSPC	1	Chr15-Myc-sgRNA-Cluster030		chr11	chr15	52200000	52259999	52200000	52259999		
Wei2016	NSPC	1	Chr15-Myc-sgRNA-Cluster031		chr11	chr15	61890000	61979999	61890000	61979999		
Wei2016	NSPC	1	Chr15-Myc-sgRNA-Cluster032		chr11	chr15			106560000	106679999		
Wei2016	NSPC	1	Chr15-Myc-sgRNA-Cluster033		chr12	chr15	31950000	32039999	31950000	32039999		
Wei2016	NSPC	1	Chr15-Myc-sgRNA-Cluster034		chr12	chr15	54990000	55109999	54990000	55109999		
Wei2016	NSPC	1	Chr15-Myc-sgRNA-Cluster035		chr12	chr15	88020000	88139999	88020000	88139999		
Wei2016	NSPC	1	Chr15-Myc-sgRNA-Cluster036		chr13	chr15	63600000	63629999	63600000	63629999		
Wei2016	NSPC	1	Chr15-Myc-sgRNA-Cluster037		chr14	chr15	39660000	39719999	39660000	39719999		
Wei2016	NSPC	1	Chr15-Myc-sgRNA-Cluster038		chr15	chr15	8040000	8279999	8040000	8279999		
Wei2016	NSPC	1	Chr15-Myc-sgRNA-Cluster039		chr15	chr15	8520000	8639999	8520000	8639999		
Wei2016	NSPC	1	Chr15-Myc-sgRNA-Cluster040		chr15	chr15	18780000	18929999	18780000	18929999		
Wei2016	NSPC	1	Chr15-Myc-sgRNA-Cluster041		chr15	chr15	20310000	20489999	20310000	20489999		
Wei2016	NSPC	1	Chr15-Myc-sgRNA-Cluster042		chr15	chr15	27660000	28049999	27660000	28049999		
Wei2016	NSPC	1	Chr15-Myc-sgRNA-Cluster043		chr15	chr15	30150000	30959999	30150000	30959999		
Wei2016	NSPC	1	Chr15-Myc-sgRNA-Cluster044		chr15	chr15	33330000	33479999	33330000	33479999		
Wei2016	NSPC	1	Chr15-Myc-sgRNA-Cluster045		chr15	chr15	34320000	34529999	34320000	34529999		
Wei2016	NSPC	1	Chr15-Myc-sgRNA-Cluster046		chr15	chr15	35310000	35489999	35310000	35489999		
Wei2016	NSPC	1	Chr15-Myc-sgRNA-Cluster047		chr15	chr15	37530000	37769999	37530000	37769999		
Wei2016	NSPC	1	Chr15-Myc-sgRNA-Cluster048		chr15	chr15	40290000	40679999	40290000	40679999		
Wei2016	NSPC	1	Chr15-Myc-sgRNA-Cluster049		chr15	chr15	41280000	41819999	41280000	41819999		
Wei2016	NSPC	1	Chr15-Myc-sgRNA-Cluster050		chr15	chr15	47280000	48779999	47280000	48779999		
Wei2016	NSPC	1	Chr15-Myc-sgRNA-Cluster051		chr15	chr15	57060000	57329999	57060000	57329999		
Wei2016	NSPC	1	Chr15-Myc-sgRNA-Cluster052		chr15	chr15	57510000	57569999	57510000	57569999		
Wei2016	NSPC	1	Chr15-Myc-sgRNA-Cluster053		chr15	chr15	71280000	71399999	71280000	71399999		
Wei2016	NSPC	1	Chr15-Myc-sgRNA-Cluster054		chr15	chr15	72360000	72479999	72360000	72479999		
Wei2016	NSPC	1	Chr15-Myc-sgRNA-Cluster055		chr15	chr15	72600000	73289999	72600000	73289999		
Wei2016	NSPC	1	Chr15-Myc-sgRNA-Cluster056		chr15	chr15	80580000	81089999	80580000	81089999		
Wei2016	NSPC	1	Chr15-Myc-sgRNA-Cluster057		chr15	chr15	94380000	94439999	94380000	94439999		
Wei2016	NSPC	1	Chr15-Myc-sgRNA-Cluster058		chr15	chr15	101970000	101999999	101970000	101999999		
Wei2016	NSPC	1	Chr15-Myc-sgRNA-Cluster059		chr16	chr15	40980000	41159999	40980000	41159999		
Wei2016	NSPC	1	Chr15-Myc-sgRNA-Cluster060		chr16	chr15	41280000	41819999	41280000	41339999		
Wei2016	NSPC	1	Chr15-Myc-sgRNA-Cluster061		chr17	chr15	24090000	24149999	24090000	24149999		
Wei2016	NSPC	1	Chr15-Myc-sgRNA-Cluster062		chr17	chr15	28620000	28649999	28620000	28649999		
Wei2016	NSPC	1	Chr15-Myc-sgRNA-Cluster063		chr17	chr15	52710000	52829999	52710000	52829999		
Wei2016	NSPC	1	Chr15-Myc-sgRNA-Cluster064		chr17	chr15	68250000	68279999	68250000	68279999		
Wei2016	NSPC	1	Chr15-Myc-sgRNA-Cluster065		chr18	chr15	72210000	72359999	72210000	72359999		
Wei2016	NSPC	1	Chr15-Myc-sgRNA-Cluster066		chr19	chr15	31050000	31169999	31050000	31169999		
Wei2016	NSPC	1	Chr15-Myc-sgRNA-Cluster067		chr19	chr15	47130000	47219999	47130000	47219999		
Wei2016	NSPC	1	Chr15-Myc-sgRNA-Cluster068		chr19	chr15	60330000	60359999	60330000	60359999		
Wei2016	NSPC	1	Chr15-Myc-sgRNA-Cluster069		chrY	chr15			2850000	2879999		
Wei2016	NSPC	1	Chr16-sgRNA-2-Cluster001		chr1	chr16	22680000	22829999	22680000	22829999		
Wei2016	NSPC	1	Chr16-sgRNA-2-Cluster002		chr1	chr16	25500000	25769999	25500000	25769999		
Wei2016	NSPC	1	Chr16-sgRNA-2-Cluster003		chr1	chr16	34770000	34919999	34770000	34919999		
Wei2016	NSPC	1	Chr16-sgRNA-2-Cluster004		chr1	chr16	62190000	62579999	62190000	62579999		
Wei2016	NSPC	1	Chr16-sgRNA-2-Cluster005		chr1	chr16	69540000	69809999	69540000	69809999		
Wei2016	NSPC	1	Chr16-sgRNA-2-Cluster006		chr1	chr16			178890000	179039999		
Wei2016	NSPC	1	Chr16-sgRNA-2-Cluster007		chr1	chr16			180900000	181379999		
Wei2016	NSPC	1	Chr16-sgRNA-2-Cluster008		chr1	chr16			190080000	190409999		
Wei2016	NSPC	1	Chr16-sgRNA-2-Cluster009		chr10	chr16	6540000	6659999	6540000	6659999		
Wei2016	NSPC	1	Chr16-sgRNA-2-Cluster010		chr10	chr16	8730000	9059999	8730000	9059999		
Wei2016	NSPC	1	Chr16-sgRNA-2-Cluster011		chr10	chr16	31920000	32099999	31920000	32099999		
Wei2016	NSPC	1	Chr16-sgRNA-2-Cluster012		chr10	chr16	48810000	49409999	48810000	49409999		
Wei2016	NSPC	1	Chr16-sgRNA-2-Cluster013		chr10	chr16	73260000	73559999	73260000	73559999		
Wei2016	NSPC	1	Chr16-sgRNA-2-Cluster014		chr10	chr16	89970000	90119999	89970000	90119999		
Wei2016	NSPC	1	Chr16-sgRNA-2-Cluster015		chr10	chr16			109530000	109709999		
Wei2016	NSPC	1	Chr16-sgRNA-2-Cluster016		chr10	chr16			118920000	119429999		
Wei2016	NSPC	1	Chr16-sgRNA-2-Cluster017		chr10	chr16			127500000	127709999		
Wei2016	NSPC	1	Chr16-sgRNA-2-Cluster018		chr11	chr16	21600000	21779999	21600000	21779999		
Wei2016	NSPC	1	Chr16-sgRNA-2-Cluster019		chr11	chr16	65970000	66149999	65970000	66149999		
Wei2016	NSPC	1	Chr16-sgRNA-2-Cluster020		chr11	chr16	74910000	75389999	74910000	75389999		
Wei2016	NSPC	1	Chr16-sgRNA-2-Cluster021		chr11	chr16	85380000	85619999	85380000	85619999		
Wei2016	NSPC	1	Chr16-sgRNA-2-Cluster022		chr11	chr16	85890000	86159999	85890000	86159999		
Wei2016	NSPC	1	Chr16-sgRNA-2-Cluster023		chr11	chr16			107010000	107879999		
Wei2016	NSPC	1	Chr16-sgRNA-2-Cluster024		chr11	chr16			113430000	113609999		
Wei2016	NSPC	1	Chr16-sgRNA-2-Cluster025		chr12	chr16	38760000	38879999	38760000	38879999		
Wei2016	NSPC	1	Chr16-sgRNA-2-Cluster026		chr12	chr16	39000000	39149999	39000000	39149999		
Wei2016	NSPC	1	Chr16-sgRNA-2-Cluster027		chr12	chr16	67830000	68369999	67830000	68369999		
Wei2016	NSPC	1	Chr16-sgRNA-2-Cluster028		chr12	chr16	80520000	81029999	80520000	81029999		
Wei2016	NSPC	1	Chr16-sgRNA-2-Cluster029		chr12	chr16	82050000	82229999	82050000	82229999		
Wei2016	NSPC	1	Chr16-sgRNA-2-Cluster030		chr12	chr16	90270000	90719999	90270000	90719999		
Wei2016	NSPC	1	Chr16-sgRNA-2-Cluster031		chr13	chr16	49500000	49739999	49500000	49739999		
Wei2016	NSPC	1	Chr16-sgRNA-2-Cluster032		chr13	chr16			98910000	99089999		
Wei2016	NSPC	1	Chr16-sgRNA-2-Cluster033		chr13	chr16			107760000	107969999		
Wei2016	NSPC	1	Chr16-sgRNA-2-Cluster034		chr13	chr16			110280000	110819999		
Wei2016	NSPC	1	Chr16-sgRNA-2-Cluster035		chr14	chr16	15390000	15569999	15390000	15569999		
Wei2016	NSPC	1	Chr16-sgRNA-2-Cluster036		chr14	chr16	27870000	28079999	27870000	28079999		
Wei2016	NSPC	1	Chr16-sgRNA-2-Cluster037		chr14	chr16	28650000	29099999	28650000	29099999		
Wei2016	NSPC	1	Chr16-sgRNA-2-Cluster038		chr14	chr16			65070000	65489999		
Wei2016	NSPC	1	Chr16-sgRNA-2-Cluster039		chr14	chr16	72750000	73109999	72750000	73109999		
Wei2016	NSPC	1	Chr16-sgRNA-2-Cluster040		chr14	chr16			93840000	94199999		
Wei2016	NSPC	1	Chr16-sgRNA-2-Cluster041		chr14	chr16			115980000	116249999		
Wei2016	NSPC	1	Chr16-sgRNA-2-Cluster042		chr14	chr16			117420000	118169999		
Wei2016	NSPC	1	Chr16-sgRNA-2-Cluster043		chr15	chr16	30090000	30809999	30090000	30809999		
Wei2016	NSPC	1	Chr16-sgRNA-2-Cluster044		chr15	chr16	40590000	40739999	40590000	40739999		
Wei2016	NSPC	1	Chr16-sgRNA-2-Cluster045		chr15	chr16	76110000	76559999	76110000	76559999		
Wei2016	NSPC	1	Chr16-sgRNA-2-Cluster046		chr15	chr16			100530000	100739999		
Wei2016	NSPC	1	Chr16-sgRNA-2-Cluster047		chr16	chr16	5550000	7709999	5550000	7709999		
Wei2016	NSPC	1	Chr16-sgRNA-2-Cluster048		chr16	chr16	8520000	8759999	8520000	8759999		
Wei2016	NSPC	1	Chr16-sgRNA-2-Cluster049		chr16	chr16	11010000	11909999	11010000	11909999		
Wei2016	NSPC	1	Chr16-sgRNA-2-Cluster050		chr16	chr16	15360000	16619999	15360000	16619999		
Wei2016	NSPC	1	Chr16-sgRNA-2-Cluster051		chr16	chr16	23940000	25679999	23940000	25679999		
Wei2016	NSPC	1	Chr16-sgRNA-2-Cluster052		chr16	chr16	27270000	29939999	27270000	29939999		
Wei2016	NSPC	1	Chr16-sgRNA-2-Cluster053		chr16	chr16	30690000	42659999	30690000	42659999		
Wei2016	NSPC	1	Chr16-sgRNA-2-Cluster054		chr16	chr16	42840000	44309999	42840000	44309999		
Wei2016	NSPC	1	Chr16-sgRNA-2-Cluster055		chr16	chr16	55800000	56099999	55800000	56099999		
Wei2016	NSPC	1	Chr16-sgRNA-2-Cluster056		chr16	chr16	56220000	56459999	56220000	56459999		
Wei2016	NSPC	1	Chr16-sgRNA-2-Cluster057		chr16	chr16	56640000	57479999	56640000	57479999		
Wei2016	NSPC	1	Chr16-sgRNA-2-Cluster058		chr16	chr16	66480000	67619999	66480000	67619999		
Wei2016	NSPC	1	Chr16-sgRNA-2-Cluster059		chr16	chr16	70050000	70289999	70050000	70289999		
Wei2016	NSPC	1	Chr16-sgRNA-2-Cluster060		chr16	chr16	73890000	74459999	73890000	74459999		
Wei2016	NSPC	1	Chr16-sgRNA-2-Cluster061		chr16	chr16	77550000	77699999	77550000	77699999		
Wei2016	NSPC	1	Chr16-sgRNA-2-Cluster062		chr16	chr16	81180000	81749999	81180000	81749999		
Wei2016	NSPC	1	Chr16-sgRNA-2-Cluster063		chr16	chr16	94350000	94919999	94350000	94919999		
Wei2016	NSPC	1	Chr16-sgRNA-2-Cluster064		chr17	chr16	11340000	11519999	11340000	11519999		
Wei2016	NSPC	1	Chr16-sgRNA-2-Cluster065		chr17	chr16	28080000	28229999	28080000	28229999		
Wei2016	NSPC	1	Chr16-sgRNA-2-Cluster066		chr17	chr16	86580000	86759999	86580000	86759999		
Wei2016	NSPC	1	Chr16-sgRNA-2-Cluster067		chr17	chr16	90690000	91079999	90690000	91079999		
Wei2016	NSPC	1	Chr16-sgRNA-2-Cluster068		chr18	chr16	25470000	25829999	25470000	25829999		
Wei2016	NSPC	1	Chr16-sgRNA-2-Cluster069		chr18	chr16	35460000	35789999	35460000	35789999		
Wei2016	NSPC	1	Chr16-sgRNA-2-Cluster070		chr18	chr16	58080000	58349999	58080000	58349999		
Wei2016	NSPC	1	Chr16-sgRNA-2-Cluster071		chr19	chr16	7380000	7529999	7380000	7529999		
Wei2016	NSPC	1	Chr16-sgRNA-2-Cluster072		chr19	chr16	30810000	31379999	30810000	31379999		
Wei2016	NSPC	1	Chr16-sgRNA-2-Cluster073		chr19	chr16	47340000	47549999	47340000	47549999		
Wei2016	NSPC	1	Chr16-sgRNA-2-Cluster074		chr19	chr16	48570000	48809999	48570000	48809999		
Wei2016	NSPC	1	Chr16-sgRNA-2-Cluster075		chr2	chr16	16380000	16739999	16380000	16739999		
Wei2016	NSPC	1	Chr16-sgRNA-2-Cluster076		chr2	chr16	44850000	45149999	44850000	45149999		
Wei2016	NSPC	1	Chr16-sgRNA-2-Cluster077		chr2	chr16	59460000	59849999	59460000	59849999		
Wei2016	NSPC	1	Chr16-sgRNA-2-Cluster078		chr2	chr16	96420000	96599999	96420000	96599999		
Wei2016	NSPC	1	Chr16-sgRNA-2-Cluster079		chr2	chr16			116730000	117029999		
Wei2016	NSPC	1	Chr16-sgRNA-2-Cluster080		chr2	chr16			161400000	161609999		
Wei2016	NSPC	1	Chr16-sgRNA-2-Cluster081		chr3	chr16	24390000	24809999	24390000	24809999		
Wei2016	NSPC	1	Chr16-sgRNA-2-Cluster082		chr3	chr16	26700000	26999999	26700000	26999999		
Wei2016	NSPC	1	Chr16-sgRNA-2-Cluster083		chr3	chr16	33870000	34109999	33870000	34109999		
Wei2016	NSPC	1	Chr16-sgRNA-2-Cluster084		chr3	chr16	57330000	57599999	57330000	57599999		
Wei2016	NSPC	1	Chr16-sgRNA-2-Cluster085		chr3	chr16	85770000	86039999	85770000	86039999		
Wei2016	NSPC	1	Chr16-sgRNA-2-Cluster086		chr3	chr16	87960000	88109999	87960000	88109999		
Wei2016	NSPC	1	Chr16-sgRNA-2-Cluster087		chr3	chr16			157830000	157889999		
Wei2016	NSPC	1	Chr16-sgRNA-2-Cluster088		chr3	chr16			158040000	158249999		
Wei2016	NSPC	1	Chr16-sgRNA-2-Cluster089		chr4	chr16	65610000	65879999	65610000	65879999		
Wei2016	NSPC	1	Chr16-sgRNA-2-Cluster090		chr4	chr16	75720000	76019999	75720000	76019999		
Wei2016	NSPC	1	Chr16-sgRNA-2-Cluster091		chr4	chr16	84630000	84839999	84630000	84839999		
Wei2016	NSPC	1	Chr16-sgRNA-2-Cluster092		chr4	chr16	97440000	97739999	97440000	97739999		
Wei2016	NSPC	1	Chr16-sgRNA-2-Cluster093		chr4	chr16			102210000	102389999		
Wei2016	NSPC	1	Chr16-sgRNA-2-Cluster094		chr4	chr16			138330000	138509999		
Wei2016	NSPC	1	Chr16-sgRNA-2-Cluster095		chr5	chr16	19050000	19559999	19050000	19559999		
Wei2016	NSPC	1	Chr16-sgRNA-2-Cluster096		chr5	chr16	20400000	20609999	20400000	20609999		
Wei2016	NSPC	1	Chr16-sgRNA-2-Cluster097		chr5	chr16	27690000	28109999	27690000	28109999		
Wei2016	NSPC	1	Chr16-sgRNA-2-Cluster098		chr5	chr16	36330000	36539999	36330000	36539999		
Wei2016	NSPC	1	Chr16-sgRNA-2-Cluster099		chr5	chr16	37440000	37559999	37440000	37559999		
Wei2016	NSPC	1	Chr16-sgRNA-2-Cluster100		chr5	chr16			111480000	111659999		
Wei2016	NSPC	1	Chr16-sgRNA-2-Cluster101		chr5	chr16			125430000	125669999		
Wei2016	NSPC	1	Chr16-sgRNA-2-Cluster102		chr5	chr16			136470000	136769999		
Wei2016	NSPC	1	Chr16-sgRNA-2-Cluster103		chr5	chr16			139530000	139949999		
Wei2016	NSPC	1	Chr16-sgRNA-2-Cluster104		chr5	chr16			141990000	142349999		
Wei2016	NSPC	1	Chr16-sgRNA-2-Cluster105		chr6	chr16	23460000	23519999	23460000	23519999		
Wei2016	NSPC	1	Chr16-sgRNA-2-Cluster106		chr6	chr16	28650000	29099999	28650000	28859999		
Wei2016	NSPC	1	Chr16-sgRNA-2-Cluster107		chr6	chr16	33270000	33509999	33270000	33509999		
Wei2016	NSPC	1	Chr16-sgRNA-2-Cluster108		chr6	chr16	36540000	36959999	36540000	36959999		
Wei2016	NSPC	1	Chr16-sgRNA-2-Cluster109		chr6	chr16	63420000	64349999	63420000	64349999		
Wei2016	NSPC	1	Chr16-sgRNA-2-Cluster110		chr6	chr16	77280000	77489999	77280000	77489999		
Wei2016	NSPC	1	Chr16-sgRNA-2-Cluster111		chr6	chr16	85890000	86159999	85890000	86189999		
Wei2016	NSPC	1	Chr16-sgRNA-2-Cluster112		chr6	chr16			93960000	94139999		
Wei2016	NSPC	1	Chr16-sgRNA-2-Cluster113		chr6	chr16	94860000	95069999	94860000	95069999		
Wei2016	NSPC	1	Chr16-sgRNA-2-Cluster114		chr6	chr16			105810000	106469999		
Wei2016	NSPC	1	Chr16-sgRNA-2-Cluster115		chr6	chr16			143790000	144509999		
Wei2016	NSPC	1	Chr16-sgRNA-2-Cluster116		chr7	chr16			128730000	128999999		
Wei2016	NSPC	1	Chr16-sgRNA-2-Cluster117		chr7	chr16			134670000	134879999		
Wei2016	NSPC	1	Chr16-sgRNA-2-Cluster118		chr8	chr16	16260000	16799999	16260000	16799999		
Wei2016	NSPC	1	Chr16-sgRNA-2-Cluster119		chr8	chr16	49290000	49439999	49290000	49439999		
Wei2016	NSPC	1	Chr16-sgRNA-2-Cluster120		chr8	chr16	79440000	79649999	79440000	79649999		
Wei2016	NSPC	1	Chr16-sgRNA-2-Cluster121		chr8	chr16			109770000	109919999		
Wei2016	NSPC	1	Chr16-sgRNA-2-Cluster122		chr8	chr16			117090000	117599999		
Wei2016	NSPC	1	Chr16-sgRNA-2-Cluster123		chr8	chr16			120750000	121529999		
Wei2016	NSPC	1	Chr16-sgRNA-2-Cluster124		chr9	chr16	3690000	3929999	3690000	3929999		
Wei2016	NSPC	1	Chr16-sgRNA-2-Cluster125		chr9	chr16	6960000	7139999	6960000	7139999		
Wei2016	NSPC	1	Chr16-sgRNA-2-Cluster126		chr9	chr16	21180000	21329999	21180000	21329999		
Wei2016	NSPC	1	Chr16-sgRNA-2-Cluster127		chr9	chr16	28860000	29939999	28860000	29939999		
Wei2016	NSPC	1	Chr16-sgRNA-2-Cluster128		chr9	chr16	42570000	42809999	42570000	42809999		
Wei2016	NSPC	1	Chr16-sgRNA-2-Cluster129		chr9	chr16	48540000	48719999	48540000	48719999		
Wei2016	NSPC	1	Chr16-sgRNA-2-Cluster130		chr9	chr16	60360000	60599999	60360000	60599999		
Wei2016	NSPC	1	Chr16-sgRNA-2-Cluster131		chrX	chr16	81540000	81749999	81540000	81749999		
Wei2016	NSPC	1	Chr16-sgRNA-2-Cluster132		chrX	chr16	81990000	82409999	81990000	82409999		
Wei2016	NSPC	1	Chr16-sgRNA-2-Cluster133		chrX	chr16	84480000	84719999	84480000	84719999		
Wei2018	NPC	1	RDC_001	1	chr1	chr1, chr12, chr13	24993155	25833154			Bai3	-
Wei2018	NPC	1	RDC_002	2	chr1	chr1, chr2, chr4, chr7, chrX	33153155	34323154			Prim2, Dst	.
Wei2018	NPC	1	RDC_003	1	chr1	chr1, chr4, chr7, chr12, chr13, chr16, chr18, chr19, chrX	61543426	62623425			Pard3b	-
Wei2018	NPC	1	RDC_004	1	chr1	chr1, chr12, chr18	68053426	68863425			Erbb4	-
Wei2018	NPC	1	RDC_005	2	chr1	chr1, chr18	84063425	84873424			Pid1, Dner, Trip12	.
Wei2018	NPC	1	RDC_006	1	chr1	chr1, chr2	89453425	89903424			Agap1	+
Wei2018	NPC	1	RDC_007	1	chr1	chr1, chr8	125873423	126713422			Nckap5	-
Wei2018	NPC	1	RDC_008	1	chr1	chr1, chr12	131243423	131603422			Srgap2	-
Wei2018	NPC	1	RDC_009	1	chr10	chr9, chr10	12580202	12929377			Utrn	-
Wei2018	NPC	1	RDC_010	1	chr10	chr7, chr10, chr12, chr19, chrX	32230194	32680193			Nkain2	-
Wei2018	NPC	1	RDC_011	1	chr10	chr2, chr19, chr10	39700194	39940193			Rev3l	+
Wei2018	NPC	1	RDC_012	1	chr10	chr7, chr8, chr10, chr12, chr16, chr18, chrX	49150194	49630193			Grik2	-
Wei2018	NPC	1	RDC_013	2	chr10	chr2, chr7, chr10, chr16, chr18	89637255	91377254			Anks1b, Apaf1	.
Wei2018	NPC	1	RDC_014	1	chr10	chr10, chr12, chr16	109732944	110632943			Nav3	-
Wei2018	NPC	1	RDC_015	2	chr10	chr2, chr10, chr16, chrX	119452944	120112943			Grip1	+
Wei2018	NPC	1	RDC_016	2	chr11	chr5, chr11, chr13	76386498	76746497			Nxn, Abr	-
Wei2018	NPC	1	RDC_017	1	chr12	chr7, chr12	34085135	34847101			Hdac9	-
Wei2018	NPC	1	RDC_018	1	chr12	chr12, chr16	37880754	38633410			Dgkb	+
Wei2018	NPC	1	RDC_019	1	chr12	chr1, chr2, chr3, chr4, chr7, chr8, chr9, chr10, chr11, chr12, chr13, chr15, chr18, chr19, chrX	52959013	54069012			Npas3	+
Wei2018	NPC	1	RDC_020	1	chr12	chr12, chr16	66459013	67209012			Mdga2	-
Wei2018	NPC	1	RDC_021	1	chr12	chr7, chr8, chr10, chr12, chr18	78159013	78849012			Gphn	+
Wei2018	NPC	1	RDC_022	1	chr12	chr2, chr7, chr10, chr11, chr12, chr16, chrX	88791556	89702117			Nrxn3	-
Wei2018	NPC	1	RDC_023	2	chr12	chr2, chr12	111591789	111801788			Mark3	+
Wei2018	NPC	1	RDC_024	2	chr13	chr12, chr13	8400754	10590753			Adarb2, Dip2c, Chrm3	.
Wei2018	NPC	1	RDC_025	2	chr13	chr7,  chr12, chr13	48774631	50034630			Wnk2, Cenpp, Phf2, Fam120a	.
Wei2018	NPC	1	RDC_026	2	chr13	chr5, chr7, chr8, chr12, chr13	76660739	78250738			Mctp1, 2210408I21Rik, Fam172a	.
Wei2018	NPC	1	RDC_027	1	chr14	chr7, chr8, chr14	9787486	10447485			Fhit	-
Wei2018	NPC	1	RDC_028	1	chr14	chr12, chr14	11587486	11797485			Ptprg	-
Wei2018	NPC	1	RDC_029	2	chr14	chr10, chr14	20690778	21500777			Vcl, Adk, Kat6b	.
Wei2018	NPC	1	RDC_030	1	chr14	chr2, chr12, chr14	23630778	23990777			Kcnma1	-
Wei2018	NPC	1	RDC_031	2	chr14	chr2, chr14	25130514	25760513			Zmiz1	-
Wei2018	NPC	1	RDC_032	1	chr14	chr6, chr10, chr14	38576712	39386711			Nrg3	-
Wei2018	NPC	1	RDC_033	1	chr14	chr7, chr10, chr12, chr14, chr16, chrX	92810781	94160780			Pcdh9	-
Wei2018	NPC	1	RDC_034	1	chr14	chr2, chr7, chr10, chr12, chr14, chr16, chrX	116960778	118100777			Gpc6	+
Wei2018	NPC	1	RDC_035	1	chr14	chr4, chr13, chr14	122840778	124610777			Fgf14	-
Wei2018	NPC	1	RDC_036	2	chr15	chr9, chr15	8090000	8329999			Wdr70, 2410089E03Rik, Nipbl	.
Wei2018	NPC	1	RDC_037	1	chr15	chr12, chr13, chr15	8570000	8689999			Slc1a3	-
Wei2018	NPC	1	RDC_038	1	chr15	chr8, chr9, chr10, chr15, chr16, chr19, chrX	30220245	31030244			Ctnnd2	+
Wei2018	NPC	1	RDC_039	1	chr15	chr12, chr15	41448454	41988453			Oxr1	+
Wei2018	NPC	1	RDC_040	1	chr15	chr4, chr11, chr12, chr13, chr15, chr17, chr19, chrX	47448454	48948453			Csmd3	-
Wei2018	NPC	1	RDC_041	2	chr15	chr11, chr15	72529570	72649569			Trappc9	-
Wei2018	NPC	1	RDC_042	2	chr15	chr2, chr10, chr11, chr13, chr14, chr15	72769570	73459569			Ptk2, Ago2, Trappc9	.
Wei2018	NPC	1	RDC_043	1	chr16	chr7, chr8, chr11, chr12, chr16, chr17, chr18	5549907	7709906			Rbfox1	+
Wei2018	NPC	1	RDC_044	1	chr16	chr7, chr11, chr15, chr16	27269914	29939913			Fgf12	-
Wei2018	NPC	1	RDC_045	1	chr16	chr3, chr4, chr5, chr7, chr8, chr9, chr10, chr12, chr13, chr14, chr15, chr17, chr18, chr19, chrX	39984370	42176292			Lsamp	+
Wei2018	NPC	1	RDC_046	1	chr16	chr6, chr7	43499887	43649886			Zbtb20	+
Wei2018	NPC	1	RDC_047	1	chr16	chr2, chr4, chr7, chr8, chr12, chr16, chrX	66479755	67619754			Cadm2	-
Wei2018	NPC	1	RDC_048	1	chr17	chr17, chrX	8567135	8987134			Pde10a	+
Wei2018	NPC	1	RDC_049	2	chr17	chr4, chr7, chr13, chr17, chr18, chr19, chrX	9107135	10395567			Park2, Pacrg, Qk, Agpat4, Map3k4, Slc22a3, Igf2r	.
Wei2018	NPC	1	RDC_050	1	chr17	chr8, chr11, chr17	66400660	67450659			Ptprm	-
Wei2018	NPC	1	RDC_051	1	chr17	chr3, chr12, chr17	70150660	71050659			Dlgap1	+
Wei2018	NPC	1	RDC_052	1	chr17	chr13, chr17	86240660	86570659			Prkce	+
Wei2018	NPC	1	RDC_053	1	chr17	chr2, chr6, chr7, chr8, chr9, chr11, chr12, chr13, chr16, chr17, chr18, chr19, chrX	89990660	91100659			Nrxn1	-
Wei2018	NPC	1	RDC_054	2	chr18	chr3, chr12, chr16, chr18	24711499	25701498			Fhod3, AW554918, Celf4	.
Wei2018	NPC	1	RDC_055	2	chr18	chr8, chr9, chr12, chr13, chr18	38390346	39530345			Arhgap26, Fgf1	.
Wei2018	NPC	1	RDC_056	1	chr18	chr1, chr2, chr4, chr7, chr9, chr12, chr14, chr18	69350346	69740345			Tcf4	+
Wei2018	NPC	1	RDC_057	1	chr18	chr5, chr7, chr12, chr18, chrX	71210346	72320345			Dcc	-
Wei2018	NPC	1	RDC_058	3	chr19	chr13, chr19	5760000	5879999			--	.
Wei2018	NPC	1	RDC_059	1	chr19	chr4, chr7, chr8, chr9, chr10, chr11, chr12, chr16, chr17	30562487	31767033			Prkg1	-
Wei2018	NPC	1	RDC_060	1	chr2	chr2, chr4, chr11, chr12, chr13, chr15, chr17, chrX	41364480	42444479			Lrp1b	-
Wei2018	NPC	1	RDC_061	1	chr2	chr2, chr7, chr8, chr10, chrX	96399843	97479842			Lrrc4c	+
Wei2018	NPC	1	RDC_062	1	chr2	chr2, chr4, chr7, chr10, chr15, chr19, chrX	124074264	124674263			Sema6d	+
Wei2018	NPC	1	RDC_063	1	chr2	chr6, chr7, chr10, chrX	137664264	143124263			Macrod2	+
Wei2018	NPC	1	RDC_064	3	chr2	chr2, chrX	150624264	150894263			--	.
Wei2018	NPC	1	RDC_065	2	chr2	chr2, chr4, chr7, chr13, chrX	160584264	162714263			Ptprt, Zhx3, Chd6	.
Wei2018	NPC	1	RDC_066	2	chr2	chr2, chr10	179095295	180025294			Cdh4	+
Wei2018	NPC	1	RDC_067	1	chr3	chr3, chr7, chr16, chr19	23561078	24761077			Naaladl2	-
Wei2018	NPC	1	RDC_068	1	chr3	chr2, chr3, chr4, chr7, chr13, chr19, chrX	25451078	26381077			Nlgn1	-
Wei2018	NPC	1	RDC_069	1	chr3	chr3, chr8, chr13, chrX	28241078	28901077			Tnik	+
Wei2018	NPC	1	RDC_070	2	chr3	chr3, chrX	54736078	56386077			Dclk1, Nbea	.
Wei2018	NPC	1	RDC_071	2	chr3	chr3, chr9, chr13	86116078	86956077			Lrba, Dclk2	+
Wei2018	NPC	1	RDC_072	3	chr3	chr8, chr9, chr16, chr19, chrX	88156078	88426077			--	.
Wei2018	NPC	1	RDC_073	1	chr3	chr2, chr3, chr7	109127082	109577081			Vav3	+
Wei2018	NPC	1	RDC_074	1	chr3	chr3, chr11	118797082	119397081			Dpyd	+
Wei2018	NPC	1	RDC_075	2	chr4	chr4, chr7, chr8, chr13, chrX	65288966	66428965			Astn2	-
Wei2018	NPC	1	RDC_076	1	chr4	chr4, chr16	75984096	76524095			Ptprd	-
Wei2018	NPC	1	RDC_077	1	chr4	chr2, chr3, chr4, chr7, chr10, chr12, chr13, chr14, chr15, chr16, chrX	97413309	98163308			Nfia	+
Wei2018	NPC	1	RDC_078	2	chr4	chr4, chr10	127852756	128542755			Csmd2	+
Wei2018	NPC	1	RDC_079	1	chr5	chr8, chr13, chr16, chr19	19154182	20984181			Magi2	+
Wei2018	NPC	1	RDC_080	1	chr5	chr5, chr7, chr16	27063460	27933459			Dpp6	+
Wei2018	NPC	1	RDC_081	1	chr5	chr5, chr7, chr12	80510975	81830974			Adgrl3	+
Wei2018	NPC	1	RDC_082	1	chr5	chr5, chr13	88520975	89870974			Slc4a4	+
Wei2018	NPC	1	RDC_083	1	chr5	chr2, chr7, chr11, chr12, chr13, chr19, chrX	131435682	132544343			Auts2	-
Wei2018	NPC	1	RDC_084	1	chr5	chr2, chr3, chr5, chr6, chr7, chr8, chr10, chr12, chr16, chrX	141244046	142234045			Sdk1	+
Wei2018	NPC	1	RDC_085	1	chr6	chr6, chr16	33230000	34069999			Exoc4	+
Wei2018	NPC	1	RDC_086	2	chr6	chr4, chr5, chr6, chr7, chr9, chr10, chr11, chr12, chr13, chr16, chr18, chr19, chrX	36680000	37279999			Ptn, Dgki	-
Wei2018	NPC	1	RDC_087	1	chr6	chr6, chr8, chr11	53120006	53870005			Creb5	+
Wei2018	NPC	1	RDC_088	1	chr6	chr6, chr7, chr12, chr13	61040006	62330005			Ccser1	+
Wei2018	NPC	1	RDC_089	1	chr6	chr4, chr6, chr7, chr8, chr10, chr13, chr16, chr18, chr19, chrX	63140006	64790005			Grid2	+
Wei2018	NPC	1	RDC_090	1	chr6	chr2, chr6, chr7, chr8, chr10, chr11, chr12, chr13, chr16, chr19, chrX	76879637	77981667			Ctnna2	-
Wei2018	NPC	1	RDC_091	2	chr6	chr6, chr13	89300006	89540005			Chchd6	-
Wei2018	NPC	1	RDC_092	1	chr6	chr6, chr16	105680006	106760005			Cntn4	+
Wei2018	NPC	1	RDC_093	1	chr6	chr2, chr5, chr6, chr7, chr13, chr16	143691480	144861479			Sox5	-
Wei2018	NPC	1	RDC_094	1	chr7	chr7, chr8, chr12, chr17	48754630	49654629			Nav2	+
Wei2018	NPC	1	RDC_095	2	chr7	chr7, chr12	56974630	57724629			Gabrg3, Gabra5, Gabrb3	.
Wei2018	NPC	1	RDC_096	2	chr7	chr2, chr7, chr13	101601486	102681485			Stim1, Clpb, Nup98	.
Wei2018	NPC	1	RDC_097	2	chr7	chr5, chr6, chr7, chr15, chr18, chrX	115046486	116546485			Sox6, Pik3c2a	-
Wei2018	NPC	1	RDC_098	2	chr7	chr4, chr7, chr9	134678317	135008316			Dock1	+
Wei2018	NPC	1	RDC_099	1	chr8	chr1, chr7, chr8, chr10, chr12, chr13, chr16, chr17, chr19, chrX	15870000	17669999			Csmd1	-
Wei2018	NPC	1	RDC_100	2	chr8	chr8, chr13	72546101	73592747			Large	-
Wei2018	NPC	1	RDC_101	2	chr8	chr8, chr12	76556101	77786100			Nr3c2, Arhgap10	.
Wei2018	NPC	1	RDC_102	1	chr8	chr8, chr10, chr12, chr13, chrX	81206101	82196100			Inpp4b	+
Wei2018	NPC	1	RDC_103	1	chr8	chr8, chr10, chr12, chr14, chr16, chrX	114086100	115316099			Wwox	+
Wei2018	NPC	1	RDC_104	1	chr8	chr7, chr8, chr12, chr16, chr17, chr18, chr19, chrX	118166100	119576099			Cdh13	+
Wei2018	NPC	1	RDC_105	2	chr9	chr1, chr4, chr9, chr10, chr12, chr13, chr18, chr19, chrX	13209453	13868582			Maml2	+
Wei2018	NPC	1	RDC_106	2	chr9	chr7, chr8, chr12, chr13, chr15, chr16, chr19	27762415	30072414			Opcml, Ntm	.
Wei2018	NPC	1	RDC_107	2	chr9	chr9, chr10	34512415	35652414			Kirrel3	.
Wei2018	NPC	1	RDC_108	1	chr9	chr9, chr13	68582193	68792192			Rora	+
Wei2018	NPC	1	RDC_109	1	chr9	chr2, chr9	71822193	72092192			Tcf12	-
Wei2018	NPC	1	RDC_110	1	chr9	chr4, chr9, chr13, chr15	116550882	117240881			Rbms3	-
Wei2018	NPC	1	RDC_111	1	chrX	chr16, chrX	82734661	85344660			Dmd	+
Wei2018	NPC	1	RDC_112	1	chrX	chr16, chrX	86724661	88614660			Il1rapl1	-
Wei2018	NPC	1	RDC_113	1	chrX	chr10, chrX	119166391	121296390			Pcdh11x	+
Wei2018_DMSO	NPC	1	RDC_090	1	chr6	chr6, chrZ	76879637	77981667			Ctnna2	-
Wei2018_DMSO	NPC	1	RDC_105	2	chr9	chr9, chrZ	13209453	13868582			Maml2	+
Wei2018_DMSO	NPC	1	RDC_045	1	chr16	chr16, chrZ	39984370	42176292			Lsamp	+
Wei2018_DMSO	NPC	1	RDC_019	1	chr12	chr12, chrZ	52959013	54069012			Npas3	+
