collision_chrom	collision_iz_left	collision_iz_right	collision_tz
chr1	1	1225000	825000
chr1	1225000	1675000	1450000
chr1	1675000	2025000	1825000
chr1	2025000	2225000	2125000
chr1	2225000	2475000	2375000
chr1	2475000	3975000	2825000
chr1	3975000	4375000	4225000
chr1	4375000	4825000	4575000
chr1	4825000	6125000	5800000
chr1	6125000	7225000	6600000
chr1	7225000	7875000	7725000
chr1	7875000	8100000	8000000
chr1	8075000	8925000	8175000
chr1	8925000	9675000	9075000
chr1	9675000	10925000	10600000
chr1	10925000	12675000	11100000
chr1	12675000	13475000	13075000
chr1	13475000	14475000	13900000
chr1	14475000	16175000	15300000
chr1	16175000	16625000	16350000
chr1	16625000	18525000	17800000
chr1	18525000	19225000	18750000
chr1	19225000	19925000	19550000
chr1	19925000	20925000	20400000
chr1	20925000	23275000	22800000
chr1	23275000	24025000	23525000
chr1	24025000	25025000	24425000
chr1	25025000	30875000	25625000
chr1	30875000	32125000	31575000
chr1	32125000	33925000	32400000
chr1	33925000	34325000	34050000
chr1	34325000	36575000	35100000
chr1	36575000	38175000	37500000
chr1	38175000	38675000	38350000
chr1	38675000	39775000	39200000
chr1	39775000	41375000	40500000
chr1	41375000	42775000	41775000
chr1	42775000	44025000	43525000
chr1	44025000	44875000	44750000
chr1	44875000	45925000	45300000
chr1	45925000	51675000	46400000
chr1	51675000	52775000	52550000
chr1	52775000	53375000	53250000
chr1	53375000	53825000	53475000
chr1	53825000	55025000	54000000
chr1	55025000	55775000	55675000
chr1	55775000	58325000	56300000
chr1	58325000	59475000	58450000
chr1	59475000	60825000	60725000
chr1	60825000	61375000	61075000
chr1	61375000	62675000	62000000
chr1	62675000	63975000	63750000
chr1	63975000	64725000	64100000
chr1	64725000	66125000	65700000
chr1	66125000	68025000	66275000
chr1	68025000	69125000	68500000
chr1	69125000	71125000	70500000
chr1	71125000	72225000	71275000
chr1	72225000	72775000	72450000
chr1	72775000	74375000	73400000
chr1	74375000	75475000	75000000
chr1	75475000	77275000	76600000
chr1	77275000	78075000	77500000
chr1	78075000	79675000	79150000
chr1	79675000	80225000	80050000
chr1	80225000	81625000	80875000
chr1	81625000	82175000	81925000
chr1	82175000	82825000	82675000
chr1	82825000	84825000	83550000
chr1	84825000	86425000	85250000
chr1	86425000	87275000	86950000
chr1	87275000	87825000	87600000
chr1	87825000	88625000	88100000
chr1	88625000	89975000	89650000
chr1	89975000	91425000	90900000
chr1	91425000	92275000	91925000
chr1	92275000	93125000	92600000
chr1	93125000	93675000	93550000
chr1	93675000	95375000	95000000
chr1	95375000	96075000	95550000
chr1	96075000	98125000	96700000
chr1	98125000	100125000	99100000
chr1	100125000	101575000	100525000
chr1	101575000	102175000	101950000
chr1	102175000	104725000	104050000
chr1	104725000	105075000	104950000
chr1	105075000	105425000	105250000
chr1	105425000	106125000	105550000
chr1	106125000	106475000	106275000
chr1	106475000	118325000	117000000
chr1	118325000	118775000	118450000
chr1	118775000	119525000	119300000
chr1	119525000	119875000	119650000
chr1	119875000	120625000	120450000
chr1	120625000	125775000	120900000
chr1	125775000	126775000	126100000
chr1	126775000	128625000	128050000
chr1	128625000	131125000	130550000
chr1	131125000	132275000	131400000
chr1	132275000	133325000	132750000
chr1	133325000	134125000	133900000
chr1	134125000	134675000	134350000
chr1	134675000	135375000	134850000
chr1	135375000	135675000	135500000
chr1	135675000	136225000	136025000
chr1	136225000	137825000	137450000
chr1	137825000	138875000	138350000
chr1	138875000	140275000	139900000
chr1	140275000	143875000	140550000
chr1	143875000	151075000	150675000
chr1	151075000	153075000	151950000
chr1	153075000	153375000	153250000
chr1	153375000	155075000	154500000
chr1	155075000	156075000	155400000
chr1	156075000	156775000	156375000
chr1	156775000	157025000	156925000
chr1	157025000	158275000	158000000
chr1	158275000	159825000	159025000
chr1	159825000	160925000	160400000
chr1	160925000	162275000	161500000
chr1	162275000	164275000	163550000
chr1	164275000	165125000	164700000
chr1	165125000	165775000	165250000
chr1	165775000	167325000	166800000
chr1	167325000	167825000	167550000
chr1	167825000	168475000	168325000
chr1	168475000	169425000	169000000
chr1	169425000	170275000	169675000
chr1	170275000	170575000	170375000
chr1	170575000	171225000	170850000
chr1	171225000	172275000	171650000
chr1	172275000	173375000	173200000
chr1	173375000	174475000	173800000
chr1	174475000	175925000	174675000
chr1	175925000	176725000	176150000
chr1	176725000	177125000	176950000
chr1	177125000	177675000	177550000
chr1	177675000	179075000	178050000
chr1	179075000	179675000	179300000
chr1	179675000	180325000	179975000
chr1	180325000	180775000	180425000
chr1	180775000	182075000	181500000
chr1	182075000	183075000	182850000
chr1	183075000	185175000	184125000
chr1	185175000	185525000	185400000
chr1	185525000	186775000	186000000
chr1	186775000	187100000	187000000
chr1	187050000	187675000	187150000
chr1	187675000	188225000	188025000
chr1	188225000	189125000	188400000
chr1	189125000	189675000	189300000
chr1	189675000	191425000	190450000
chr1	191425000	192825000	192450000
chr1	192825000	193425000	193100000
chr1	193425000	194325000	193900000
chr1	194325000	195450000	195150000
chr1	195450000	196250000	196150000
chr10	800001	2025000	1050000
chr10	2025000	3725000	2850000
chr10	3725000	4225000	3850000
chr10	4225000	7825000	6500000
chr10	7825000	8975000	8400000
chr10	8975000	9675000	9300000
chr10	9675000	11275000	10700000
chr10	11275000	13175000	11800000
chr10	13175000	13925000	13800000
chr10	13925000	14175000	14075000
chr10	14175000	15575000	15025000
chr10	15575000	17725000	16100000
chr10	17725000	18275000	17825000
chr10	18275000	18575000	18475000
chr10	18575000	19325000	18900000
chr10	19325000	20275000	19700000
chr10	20275000	21125000	20700000
chr10	21125000	22625000	22300000
chr10	22625000	23475000	23175000
chr10	23475000	24325000	23950000
chr10	24325000	25325000	25100000
chr10	25325000	26175000	26000000
chr10	26175000	26725000	26325000
chr10	26725000	28025000	27500000
chr10	28025000	29575000	28350000
chr10	29575000	30225000	29700000
chr10	30225000	31275000	31150000
chr10	31275000	32575000	32200000
chr10	32575000	34125000	33500000
chr10	34125000	37325000	35600000
chr10	37325000	39575000	38200000
chr10	39575000	40325000	40050000
chr10	40325000	41525000	41200000
chr10	41525000	42025000	41750000
chr10	42025000	42525000	42150000
chr10	42525000	42925000	42725000
chr10	42925000	43225000	43050000
chr10	43225000	44475000	44300000
chr10	44475000	45775000	44700000
chr10	45775000	49875000	49500000
chr10	49875000	50925000	50100000
chr10	50925000	53225000	51700000
chr10	53225000	53425000	53325000
chr10	53425000	56725000	55100000
chr10	56725000	57775000	57200000
chr10	57775000	58425000	58100000
chr10	58425000	59375000	58800000
chr10	59375000	59925000	59475000
chr10	59925000	61425000	60650000
chr10	61425000	62725000	62100000
chr10	62725000	64225000	64025000
chr10	64225000	66975000	65300000
chr10	66975000	68075000	67600000
chr10	68075000	69325000	68800000
chr10	69325000	69875000	69500000
chr10	69875000	71225000	71000000
chr10	71225000	72325000	71950000
chr10	72325000	75875000	73500000
chr10	75875000	76475000	76300000
chr10	76475000	77225000	76650000
chr10	77225000	78375000	77925000
chr10	78375000	79925000	78900000
chr10	79925000	80925000	80650000
chr10	80925000	82925000	82400000
chr10	82925000	84725000	83450000
chr10	84725000	86175000	85600000
chr10	86175000	87025000	86350000
chr10	87025000	87425000	87300000
chr10	87425000	89475000	88100000
chr10	89475000	91125000	90200000
chr10	91125000	92325000	91700000
chr10	92325000	93125000	92900000
chr10	93125000	93825000	93225000
chr10	93825000	94275000	94150000
chr10	94275000	94975000	94850000
chr10	94975000	95625000	95200000
chr10	95625000	97725000	97625000
chr10	97725000	99275000	98050000
chr10	99275000	100725000	100575000
chr10	100725000	102075000	101500000
chr10	102075000	103375000	102575000
chr10	103375000	105175000	104200000
chr10	105175000	105625000	105400000
chr10	105625000	106875000	106400000
chr10	106875000	108375000	107450000
chr10	108375000	111425000	109300000
chr10	111425000	115375000	113700000
chr10	115375000	116325000	116000000
chr10	116325000	117175000	116450000
chr10	117175000	119375000	118500000
chr10	119375000	120275000	119800000
chr10	120275000	120725000	120450000
chr10	120725000	121475000	121075000
chr10	121475000	122925000	122300000
chr10	122925000	125925000	124600000
chr10	125925000	127375000	126200000
chr10	127375000	128275000	127900000
chr10	128275000	130650000	129925000
chr10	130650000	131450000	131350000
chr11	800001	1025000	675000
chr11	1025000	1625000	1250000
chr11	1625000	2075000	1725000
chr11	2075000	2425000	2250000
chr11	2425000	4675000	3800000
chr11	4675000	5125000	4775000
chr11	5125000	5875000	5725000
chr11	5875000	6475000	6100000
chr11	6475000	8725000	7825000
chr11	8725000	11875000	10400000
chr11	11875000	14175000	13800000
chr11	14175000	16575000	15350000
chr11	16575000	17275000	16775000
chr11	17275000	19875000	18100000
chr11	19875000	20075000	19975000
chr11	20075000	20675000	20250000
chr11	20675000	22375000	22150000
chr11	22375000	23175000	22475000
chr11	23175000	23525000	23350000
chr11	23525000	25625000	24975000
chr11	25625000	26725000	26000000
chr11	26725000	28375000	27600000
chr11	28375000	29575000	28475000
chr11	29575000	30875000	30200000
chr11	30875000	32525000	31000000
chr11	32525000	33575000	33450000
chr11	33575000	34275000	33950000
chr11	34275000	35475000	34475000
chr11	35475000	36725000	36475000
chr11	36725000	38675000	38300000
chr11	38675000	40675000	39200000
chr11	40675000	42175000	42075000
chr11	42175000	43625000	42475000
chr11	43625000	44525000	44200000
chr11	44525000	45925000	45300000
chr11	45925000	48825000	46975000
chr11	48825000	50275000	49300000
chr11	50275000	51675000	51025000
chr11	51675000	52325000	52050000
chr11	52325000	53475000	52850000
chr11	53475000	54875000	54200000
chr11	54875000	56125000	55950000
chr11	56125000	57625000	56500000
chr11	57625000	59325000	58600000
chr11	59325000	60125000	59700000
chr11	60125000	60925000	60700000
chr11	60925000	61775000	61300000
chr11	61775000	62575000	62100000
chr11	62575000	63775000	63600000
chr11	63775000	64575000	64300000
chr11	64575000	65225000	65125000
chr11	65225000	65775000	65500000
chr11	65775000	67025000	66300000
chr11	67025000	68375000	67525000
chr11	68375000	69825000	68750000
chr11	69825000	70625000	70300000
chr11	70625000	72575000	71400000
chr11	72575000	72925000	72775000
chr11	72925000	74725000	73800000
chr11	74725000	75225000	74850000
chr11	75225000	76525000	76350000
chr11	76525000	77925000	77300000
chr11	77925000	78825000	78600000
chr11	78825000	79725000	79100000
chr11	79725000	80175000	80075000
chr11	80175000	81475000	81325000
chr11	81475000	83475000	82050000
chr11	83475000	84125000	83700000
chr11	84125000	84875000	84425000
chr11	84875000	85225000	85050000
chr11	85225000	85775000	85550000
chr11	85775000	86925000	86150000
chr11	86925000	87425000	87200000
chr11	87425000	88225000	87700000
chr11	88225000	88775000	88500000
chr11	88775000	90225000	89800000
chr11	90225000	91225000	91075000
chr11	91225000	94225000	91975000
chr11	94225000	95275000	94800000
chr11	95275000	95925000	95750000
chr11	95925000	97025000	96450000
chr11	97025000	97575000	97150000
chr11	97575000	98825000	98200000
chr11	98825000	100425000	99700000
chr11	100425000	101125000	100750000
chr11	101125000	101575000	101475000
chr11	101575000	102625000	101900000
chr11	102625000	103725000	103525000
chr11	103725000	103975000	103850000
chr11	103975000	104375000	104125000
chr11	104375000	105475000	104900000
chr11	105475000	106325000	106125000
chr11	106325000	106675000	106450000
chr11	106675000	107125000	106800000
chr11	107125000	107525000	107400000
chr11	107525000	108925000	108550000
chr11	108925000	109175000	109050000
chr11	109175000	110375000	110100000
chr11	110375000	111175000	110850000
chr11	111175000	113175000	111275000
chr11	113175000	113775000	113350000
chr11	113775000	114825000	114300000
chr11	114825000	116075000	115050000
chr11	116075000	117225000	116800000
chr11	117225000	117925000	117550000
chr11	117925000	119125000	118700000
chr11	119125000	119575000	119450000
chr11	119575000	120225000	119750000
chr11	120225000	121750000	121650000
chr11	121700000	122050000	121800000
chr11	122050000	122350000	122250000
chr12	300001	1175000	950000
chr12	1175000	2025000	1875000
chr12	2025000	2675000	2225000
chr12	2675000	3875000	2775000
chr12	3875000	4525000	4400000
chr12	4525000	4925000	4650000
chr12	4925000	5425000	5325000
chr12	5425000	8925000	6475000
chr12	8925000	10475000	9950000
chr12	10475000	11225000	10700000
chr12	11225000	12725000	11700000
chr12	12725000	14125000	14025000
chr12	14125000	16825000	14725000
chr12	16825000	18525000	18350000
chr12	18525000	19625000	19150000
chr12	19625000	20075000	19725000
chr12	20075000	20475000	20200000
chr12	20475000	20825000	20650000
chr12	20825000	21175000	20925000
chr12	21175000	21475000	21300000
chr12	21475000	22975000	22350000
chr12	22975000	23275000	23150000
chr12	23275000	23775000	23475000
chr12	23775000	24775000	23875000
chr12	24775000	25125000	24950000
chr12	25125000	27075000	25900000
chr12	27075000	28675000	28000000
chr12	28675000	28925000	28775000
chr12	28925000	29875000	29550000
chr12	29875000	31525000	30600000
chr12	31525000	32075000	31900000
chr12	32075000	33075000	32500000
chr12	33075000	35075000	34375000
chr12	35075000	36025000	35400000
chr12	36025000	38525000	37800000
chr12	38525000	40275000	39100000
chr12	40275000	40825000	40700000
chr12	40825000	42325000	41800000
chr12	42325000	44225000	43150000
chr12	44225000	45125000	44900000
chr12	45125000	47075000	46050000
chr12	47075000	48475000	47800000
chr12	48475000	49375000	48625000
chr12	49375000	51825000	49800000
chr12	51825000	53025000	52250000
chr12	53025000	54075000	53600000
chr12	54075000	54775000	54350000
chr12	54775000	55425000	55025000
chr12	55425000	56675000	56250000
chr12	56675000	57225000	57050000
chr12	57225000	57525000	57350000
chr12	57525000	59075000	58225000
chr12	59075000	66375000	65900000
chr12	66375000	67275000	67000000
chr12	67275000	69475000	67700000
chr12	69475000	70175000	70025000
chr12	70175000	70375000	70275000
chr12	70375000	71025000	70700000
chr12	71025000	71225000	71125000
chr12	71225000	71775000	71500000
chr12	71775000	72025000	71900000
chr12	72025000	73025000	72700000
chr12	73025000	73425000	73250000
chr12	73425000	73875000	73750000
chr12	73875000	75775000	75000000
chr12	75775000	76175000	75900000
chr12	76175000	76475000	76350000
chr12	76475000	77625000	77325000
chr12	77625000	79975000	78400000
chr12	79975000	80675000	80550000
chr12	80675000	81825000	81450000
chr12	81825000	82075000	81950000
chr12	82075000	82525000	82425000
chr12	82525000	83175000	82750000
chr12	83175000	83725000	83275000
chr12	83725000	84575000	84425000
chr12	84575000	85175000	84800000
chr12	85175000	86075000	85900000
chr12	86075000	86875000	86350000
chr12	86875000	88225000	88125000
chr12	88225000	88925000	88400000
chr12	88925000	89525000	89125000
chr12	89525000	91775000	90400000
chr12	91775000	94425000	93400000
chr12	94425000	94825000	94550000
chr12	94825000	95625000	95000000
chr12	95625000	99125000	96925000
chr12	99125000	99625000	99400000
chr12	99625000	100225000	99850000
chr12	100225000	100925000	100700000
chr12	100925000	101475000	101350000
chr12	101475000	102625000	101625000
chr12	102625000	103275000	102725000
chr12	103275000	104925000	104000000
chr12	104925000	105725000	105300000
chr12	105725000	108325000	107100000
chr12	108325000	109475000	109100000
chr12	109475000	110725000	110100000
chr12	110725000	111075000	110850000
chr12	111075000	111525000	111200000
chr12	111525000	112275000	112000000
chr12	112275000	112675000	112425000
chr12	112675000	115325000	114650000
chr12	115325000	117075000	115650000
chr12	117075000	118825000	118300000
chr12	118825000	119625000	119500000
chr12	119625000	120100000	119750000
chr12	120100000	121400000	121300000
chr13	NA	625000	525000
chr13	625000	1075000	850000
chr13	1075000	1875000	1175000
chr13	1875000	2425000	2200000
chr13	2425000	3725000	2850000
chr13	3725000	5825000	4450000
chr13	5825000	6175000	6025000
chr13	6175000	6675000	6525000
chr13	6675000	9225000	7800000
chr13	9225000	9825000	9450000
chr13	9825000	11075000	10800000
chr13	11075000	12475000	11525000
chr13	12475000	13575000	13000000
chr13	13575000	13925000	13725000
chr13	13925000	15425000	14250000
chr13	15425000	17875000	16575000
chr13	17875000	20025000	19775000
chr13	20025000	20675000	20300000
chr13	20675000	21225000	20900000
chr13	21225000	23475000	22575000
chr13	23475000	24675000	23650000
chr13	24675000	25875000	25700000
chr13	25875000	26175000	26075000
chr13	26175000	27325000	27200000
chr13	27325000	28375000	27500000
chr13	28375000	28925000	28550000
chr13	28925000	29925000	29650000
chr13	29925000	30775000	30500000
chr13	30775000	31825000	30925000
chr13	31825000	32375000	32250000
chr13	32375000	32875000	32550000
chr13	32875000	34075000	33300000
chr13	34075000	35925000	35500000
chr13	35925000	37525000	37000000
chr13	37525000	38075000	37950000
chr13	38075000	39525000	39125000
chr13	39525000	39875000	39750000
chr13	39875000	41375000	40200000
chr13	41375000	43525000	42500000
chr13	43525000	44025000	43700000
chr13	44025000	44625000	44350000
chr13	44625000	45100000	45000000
chr13	45075000	45475000	45175000
chr13	45475000	47025000	46275000
chr13	47025000	47825000	47600000
chr13	47825000	49175000	47950000
chr13	49175000	51275000	50400000
chr13	51275000	51875000	51550000
chr13	51875000	53525000	52500000
chr13	53525000	54625000	53950000
chr13	54625000	55425000	54900000
chr13	55425000	56225000	55950000
chr13	56225000	56625000	56450000
chr13	56625000	58275000	57225000
chr13	58275000	60125000	59175000
chr13	60125000	61825000	61500000
chr13	61825000	63175000	61950000
chr13	63175000	64025000	63700000
chr13	64025000	65725000	65600000
chr13	65725000	65925000	65825000
chr13	65925000	67525000	66400000
chr13	67525000	68175000	68050000
chr13	68175000	68575000	68300000
chr13	68575000	69625000	68800000
chr13	69625000	70450000	70350000
chr13	70375000	70575000	70475000
chr13	70575000	71175000	70900000
chr13	71175000	71675000	71275000
chr13	71675000	72125000	71850000
chr13	72125000	72775000	72450000
chr13	72775000	73775000	72875000
chr13	73775000	75925000	75100000
chr13	75925000	76875000	76400000
chr13	76875000	77675000	77200000
chr13	77675000	78325000	78000000
chr13	78325000	79825000	79700000
chr13	79825000	80875000	80000000
chr13	80875000	81725000	81175000
chr13	81725000	84075000	82700000
chr13	84075000	87975000	87100000
chr13	87975000	88775000	88300000
chr13	88775000	89825000	89125000
chr13	89825000	90175000	89950000
chr13	90175000	91425000	90500000
chr13	91425000	92625000	92100000
chr13	92625000	94025000	93200000
chr13	94025000	94875000	94550000
chr13	94875000	95575000	95100000
chr13	95575000	95925000	95825000
chr13	95925000	97325000	96625000
chr13	97325000	98725000	98050000
chr13	98725000	99175000	98825000
chr13	99175000	99625000	99400000
chr13	99625000	100775000	100300000
chr13	100775000	101825000	101400000
chr13	101825000	102725000	102100000
chr13	102725000	103775000	103050000
chr13	103775000	104875000	104775000
chr13	104875000	107025000	105250000
chr13	107025000	107625000	107250000
chr13	107625000	107925000	107825000
chr13	107925000	109275000	108800000
chr13	109275000	109925000	109800000
chr13	109925000	110475000	110250000
chr13	110475000	112275000	111100000
chr13	112275000	112775000	112625000
chr13	112775000	113725000	113200000
chr13	113725000	114425000	114000000
chr13	114425000	115675000	115525000
chr13	115675000	116275000	115900000
chr13	116275000	117275000	116900000
chr13	117275000	118375000	117925000
chr13	118375000	119475000	118550000
chr13	119475000	119675000	119575000
chr13	119675000	120400000	119950000
chr13	120400000	121575000	121475000
chr14	1175001	1375000	975000
chr14	1375000	1775000	1675000
chr14	1775000	2225000	2000000
chr14	2225000	4125000	3750000
chr14	4125000	5275000	4450000
chr14	5275000	5675000	5450000
chr14	5675000	6275000	5950000
chr14	6275000	6825000	6475000
chr14	6825000	8225000	6950000
chr14	8225000	9625000	9000000
chr14	9625000	10025000	9925000
chr14	10025000	11525000	10700000
chr14	11525000	12275000	11900000
chr14	12275000	13225000	13100000
chr14	13225000	13925000	13400000
chr14	13925000	14675000	14300000
chr14	14675000	16325000	15200000
chr14	16325000	17675000	17200000
chr14	17675000	18275000	17850000
chr14	18275000	20675000	18750000
chr14	20675000	21475000	21150000
chr14	21475000	21725000	21575000
chr14	21725000	22675000	22450000
chr14	22675000	23375000	23200000
chr14	23375000	24825000	23800000
chr14	24825000	25375000	25050000
chr14	25375000	25725000	25550000
chr14	25725000	26025000	25850000
chr14	26025000	27025000	26800000
chr14	27025000	28475000	27900000
chr14	28475000	29125000	28750000
chr14	29125000	30625000	29700000
chr14	30625000	31175000	30850000
chr14	31175000	31875000	31775000
chr14	31875000	32975000	32750000
chr14	32975000	34525000	33125000
chr14	34525000	35625000	35500000
chr14	35625000	37525000	35950000
chr14	37525000	38225000	37950000
chr14	38225000	39425000	38925000
chr14	39425000	41025000	40000000
chr14	41025000	42325000	42150000
chr14	42325000	43975000	42850000
chr14	43975000	45425000	44275000
chr14	45425000	46875000	46225000
chr14	46875000	47375000	47050000
chr14	47375000	48625000	47925000
chr14	48625000	49025000	48925000
chr14	49025000	50975000	50200000
chr14	50975000	52125000	51400000
chr14	52125000	53275000	53175000
chr14	53275000	53550000	53450000
chr14	53525000	54575000	53625000
chr14	54575000	54975000	54750000
chr14	54975000	56775000	56350000
chr14	56775000	57725000	57000000
chr14	57725000	59325000	58800000
chr14	59325000	60475000	59450000
chr14	60475000	60975000	60625000
chr14	60975000	62825000	62100000
chr14	62825000	63175000	62950000
chr14	63175000	64625000	63800000
chr14	64625000	65225000	64750000
chr14	65225000	66475000	66000000
chr14	66475000	69425000	68600000
chr14	69425000	70575000	69950000
chr14	70575000	73125000	71800000
chr14	73125000	76125000	74200000
chr14	76125000	76375000	76250000
chr14	76375000	77775000	77450000
chr14	77775000	78825000	78200000
chr14	78825000	79325000	78925000
chr14	79325000	84375000	82750000
chr14	84375000	85075000	84950000
chr14	85075000	86625000	85575000
chr14	86625000	87175000	86875000
chr14	87175000	89125000	88575000
chr14	89125000	92975000	89750000
chr14	92975000	95275000	95000000
chr14	95275000	96025000	95750000
chr14	96025000	97775000	96400000
chr14	97775000	98225000	98075000
chr14	98225000	99275000	99150000
chr14	99275000	101625000	100050000
chr14	101625000	103075000	102300000
chr14	103075000	103875000	103175000
chr14	103875000	105525000	104800000
chr14	105525000	110425000	109500000
chr14	110425000	114925000	110875000
chr14	114925000	115825000	115725000
chr14	115825000	116875000	116000000
chr14	116875000	118175000	117300000
chr14	118175000	118775000	118450000
chr14	118775000	120225000	119600000
chr14	120225000	120925000	120350000
chr14	120925000	121475000	121200000
chr14	121475000	122375000	121700000
chr14	122375000	124900000	124300000
chr14	124900000	126200000	126100000
chr15	1300001	2025000	1650000
chr15	2025000	2325000	2225000
chr15	2250000	2575000	2350000
chr15	2575000	3225000	2925000
chr15	3225000	3975000	3625000
chr15	3975000	5125000	4450000
chr15	5125000	8225000	5700000
chr15	8225000	11425000	11250000
chr15	11425000	12325000	11550000
chr15	12325000	18775000	17650000
chr15	18775000	21325000	18950000
chr15	21325000	25575000	23800000
chr15	25575000	27625000	25850000
chr15	27625000	28075000	27750000
chr15	28075000	30125000	29125000
chr15	30125000	31525000	30525000
chr15	31525000	32725000	32500000
chr15	32725000	34375000	33300000
chr15	34375000	35325000	34950000
chr15	35325000	36925000	35700000
chr15	36925000	38275000	37700000
chr15	38275000	39825000	39500000
chr15	39825000	43025000	41600000
chr15	43025000	49575000	48925000
chr15	49575000	50625000	49700000
chr15	50625000	50925000	50750000
chr15	50925000	51925000	51300000
chr15	51925000	53025000	52300000
chr15	53025000	53425000	53250000
chr15	53425000	55275000	54350000
chr15	55275000	55975000	55600000
chr15	55975000	57975000	56550000
chr15	57975000	59175000	58600000
chr15	59175000	62025000	61500000
chr15	62025000	62325000	62225000
chr15	62325000	63875000	62800000
chr15	63875000	64375000	64150000
chr15	64375000	66775000	65250000
chr15	66775000	68275000	67750000
chr15	68275000	69125000	68800000
chr15	69125000	69575000	69250000
chr15	69575000	70625000	70400000
chr15	70625000	73075000	71100000
chr15	73075000	73475000	73250000
chr15	73475000	74625000	74350000
chr15	74625000	76225000	74950000
chr15	76225000	76575000	76350000
chr15	76575000	77325000	77150000
chr15	77325000	77875000	77600000
chr15	77875000	78975000	78200000
chr15	78975000	80075000	79700000
chr15	80075000	80725000	80500000
chr15	80725000	81225000	80975000
chr15	81225000	81825000	81350000
chr15	81825000	83025000	82600000
chr15	83025000	83575000	83400000
chr15	83575000	84675000	83950000
chr15	84675000	85525000	85100000
chr15	85525000	86075000	85750000
chr15	86075000	87875000	87300000
chr15	87875000	89225000	88150000
chr15	89225000	90325000	90000000
chr15	90325000	91125000	90475000
chr15	91125000	92425000	92100000
chr15	92425000	93375000	92800000
chr15	93375000	94575000	93950000
chr15	94575000	95725000	95100000
chr15	95725000	96525000	95950000
chr15	96525000	97925000	97125000
chr15	97925000	98925000	98275000
chr15	98925000	99925000	99600000
chr15	99925000	100325000	100225000
chr15	100325000	101175000	100625000
chr15	101175000	102375000	101650000
chr15	102375000	103275000	102900000
chr15	103275000	104000000	103725000
chr15	104000000	104950000	104850000
chr16	950001	975000	425000
chr16	975000	2575000	1800000
chr16	2575000	4575000	3300000
chr16	4575000	5975000	5850000
chr16	5975000	6925000	6600000
chr16	6925000	7675000	7550000
chr16	7675000	10975000	7850000
chr16	10975000	13475000	12400000
chr16	13475000	13775000	13650000
chr16	13775000	15025000	14850000
chr16	15025000	15875000	15150000
chr16	15875000	16325000	15975000
chr16	16325000	17175000	16500000
chr16	17175000	18425000	17800000
chr16	18425000	21325000	20975000
chr16	21325000	21775000	21550000
chr16	21775000	22225000	22100000
chr16	22225000	24375000	23700000
chr16	24375000	25025000	24700000
chr16	25025000	26175000	25600000
chr16	26175000	27225000	27100000
chr16	27225000	28025000	27700000
chr16	28025000	28975000	28300000
chr16	28975000	29875000	29125000
chr16	29875000	31525000	30975000
chr16	31525000	31925000	31800000
chr16	31925000	32525000	32050000
chr16	32525000	33125000	32950000
chr16	33125000	33325000	33225000
chr16	33325000	33775000	33450000
chr16	33775000	35125000	34400000
chr16	35125000	35575000	35300000
chr16	35575000	36975000	36350000
chr16	36975000	37625000	37150000
chr16	37625000	38325000	38200000
chr16	38325000	41475000	39900000
chr16	41475000	44625000	41700000
chr16	44625000	45675000	45450000
chr16	45675000	48575000	47900000
chr16	48575000	49975000	48750000
chr16	49975000	50475000	50350000
chr16	50475000	51775000	51100000
chr16	51775000	53225000	52725000
chr16	53225000	56025000	54150000
chr16	56025000	57275000	56800000
chr16	57275000	58375000	57950000
chr16	58375000	59625000	59200000
chr16	59625000	62975000	61750000
chr16	62975000	64025000	63200000
chr16	64025000	64825000	64500000
chr16	64825000	70275000	65300000
chr16	70275000	71325000	70900000
chr16	71325000	72625000	71450000
chr16	72625000	73075000	72950000
chr16	73075000	73825000	73675000
chr16	73825000	74475000	74000000
chr16	74475000	76475000	75250000
chr16	76475000	77275000	76600000
chr16	77275000	77725000	77625000
chr16	77725000	78225000	77850000
chr16	78225000	80025000	79925000
chr16	80025000	81025000	80750000
chr16	81025000	83025000	81475000
chr16	83025000	84775000	83400000
chr16	84775000	87425000	85075000
chr16	87425000	90175000	88350000
chr16	90175000	90675000	90500000
chr16	90675000	91575000	91100000
chr16	91575000	91925000	91675000
chr16	91925000	92325000	92150000
chr16	92325000	94525000	93100000
chr16	94525000	96125000	95300000
chr16	96125000	97125000	97000000
chr16	97125000	98200000	97550000
chr16	98200000	98450000	98350000
chr17	250001	825000	375000
chr17	825000	1175000	925000
chr17	1175000	1975000	1750000
chr17	1975000	2225000	2075000
chr17	2225000	2575000	2375000
chr17	2575000	3175000	2725000
chr17	3175000	4925000	4200000
chr17	4925000	5425000	5125000
chr17	5425000	5875000	5550000
chr17	5875000	6775000	6300000
chr17	6775000	8425000	7650000
chr17	8425000	9075000	8950000
chr17	9075000	9925000	9300000
chr17	9925000	12325000	11300000
chr17	12325000	12925000	12500000
chr17	12925000	13675000	13300000
chr17	13675000	15025000	14350000
chr17	15025000	15425000	15325000
chr17	15425000	17475000	16600000
chr17	17475000	22375000	22175000
chr17	22375000	23775000	22600000
chr17	23775000	24625000	23975000
chr17	24625000	25875000	25000000
chr17	25875000	27025000	26750000
chr17	27025000	27675000	27300000
chr17	27675000	28125000	27850000
chr17	28125000	29375000	28700000
chr17	29375000	29925000	29800000
chr17	29925000	30575000	30450000
chr17	30575000	31675000	30900000
chr17	31675000	32175000	31900000
chr17	32175000	33925000	33200000
chr17	33925000	35025000	34450000
chr17	35025000	35775000	35400000
chr17	35775000	37025000	36625000
chr17	37025000	39825000	39550000
chr17	39825000	40775000	40050000
chr17	40775000	43525000	41700000
chr17	43525000	44725000	44000000
chr17	44725000	45725000	44900000
chr17	45725000	46475000	46225000
chr17	46475000	46775000	46600000
chr17	46775000	47525000	47175000
chr17	47525000	47975000	47700000
chr17	47975000	49975000	49100000
chr17	49975000	50225000	50125000
chr17	50225000	51225000	51050000
chr17	51225000	51825000	51600000
chr17	51825000	52575000	52300000
chr17	52575000	53525000	52750000
chr17	53525000	56225000	54600000
chr17	56225000	56675000	56400000
chr17	56675000	58975000	58200000
chr17	58975000	59975000	59875000
chr17	59975000	62975000	61000000
chr17	62975000	63575000	63450000
chr17	63575000	64225000	64000000
chr17	64225000	66275000	64725000
chr17	66275000	67675000	67100000
chr17	67675000	70825000	68700000
chr17	70825000	71475000	71225000
chr17	71475000	73025000	72425000
chr17	73025000	74325000	73600000
chr17	74325000	80175000	74825000
chr17	80175000	81725000	81550000
chr17	81725000	82200000	82100000
chr17	82200000	83225000	82300000
chr17	83225000	84075000	83550000
chr17	84075000	84625000	84400000
chr17	84625000	85625000	85300000
chr17	85625000	86325000	85850000
chr17	86325000	87425000	87050000
chr17	87425000	90025000	89750000
chr17	90025000	90725000	90200000
chr17	90725000	93325000	92400000
chr17	93325000	94625000	93950000
chr17	94625000	94950000	94725000
chr17	94950000	95600000	95500000
chr18	650001	825000	725000
chr18	825000	1625000	1000000
chr18	1625000	1925000	1750000
chr18	1925000	2375000	2250000
chr18	2375000	5375000	4600000
chr18	5375000	6175000	5650000
chr18	6175000	7675000	7125000
chr18	7675000	10275000	8400000
chr18	10275000	10675000	10400000
chr18	10675000	12025000	11300000
chr18	12025000	12925000	12475000
chr18	12925000	13525000	13200000
chr18	13525000	14025000	13850000
chr18	14025000	15175000	15050000
chr18	15175000	16375000	15800000
chr18	16375000	17875000	17325000
chr18	17875000	18725000	18550000
chr18	18725000	20725000	19150000
chr18	20725000	22325000	22025000
chr18	22325000	23775000	22450000
chr18	23775000	24675000	24325000
chr18	24675000	25525000	25200000
chr18	25525000	27625000	27200000
chr18	27625000	29375000	28325000
chr18	29375000	30425000	29775000
chr18	30425000	31775000	30850000
chr18	31775000	32125000	31925000
chr18	32125000	34025000	32700000
chr18	34025000	34875000	34225000
chr18	34875000	35875000	35250000
chr18	35875000	38375000	37400000
chr18	38375000	42625000	40050000
chr18	42625000	42975000	42800000
chr18	42975000	43475000	43075000
chr18	43475000	43675000	43575000
chr18	43675000	44675000	44100000
chr18	44675000	46525000	45500000
chr18	46525000	48625000	48350000
chr18	48625000	50025000	48850000
chr18	50025000	53325000	51500000
chr18	53325000	53725000	53625000
chr18	53725000	54225000	53825000
chr18	54225000	55075000	54325000
chr18	55075000	56625000	56200000
chr18	56625000	57325000	56950000
chr18	57325000	58275000	58150000
chr18	58275000	60875000	59475000
chr18	60875000	61625000	61300000
chr18	61625000	62825000	62200000
chr18	62825000	63725000	63450000
chr18	63725000	64025000	63850000
chr18	64025000	65575000	64175000
chr18	65575000	67675000	66800000
chr18	67675000	69225000	68600000
chr18	69225000	69775000	69550000
chr18	69775000	70575000	70100000
chr18	70575000	71275000	71000000
chr18	71275000	72425000	71425000
chr18	72425000	73775000	73000000
chr18	73775000	75375000	74175000
chr18	75375000	76175000	76000000
chr18	76175000	77125000	76750000
chr18	77125000	77675000	77325000
chr18	77675000	78675000	78400000
chr18	78675000	79125000	79000000
chr18	79125000	80225000	79600000
chr18	80225000	80675000	80375000
chr18	80675000	82825000	81400000
chr18	82825000	84175000	83600000
chr18	84175000	84675000	84400000
chr18	84675000	86325000	86000000
chr18	86325000	88875000	87900000
chr18	88875000	90375000	89675000
chr18	90375000	90700000	90475000
chr18	90700000	91100000	91000000
chr19	400001	725000	575000
chr19	725000	1125000	950000
chr19	1125000	2025000	1875000
chr19	2025000	2475000	2125000
chr19	2475000	4225000	2925000
chr19	4225000	5075000	4650000
chr19	5075000	5825000	5250000
chr19	5825000	6375000	6150000
chr19	6375000	7125000	6625000
chr19	7125000	8825000	8100000
chr19	8825000	10275000	9500000
chr19	10275000	11975000	11600000
chr19	11975000	12475000	12350000
chr19	12475000	14375000	13300000
chr19	14375000	16025000	15300000
chr19	16025000	16425000	16325000
chr19	16425000	17825000	17700000
chr19	17825000	18675000	18100000
chr19	18675000	21175000	19900000
chr19	21175000	21725000	21450000
chr19	21725000	22925000	22100000
chr19	22925000	24225000	23250000
chr19	24225000	24575000	24475000
chr19	24575000	25175000	24700000
chr19	25175000	26825000	26100000
chr19	26825000	27375000	27100000
chr19	27375000	28275000	27800000
chr19	28275000	30025000	29850000
chr19	30025000	32875000	32175000
chr19	32875000	36875000	35500000
chr19	36875000	37375000	37250000
chr19	37375000	37825000	37700000
chr19	37825000	38425000	38075000
chr19	38425000	40325000	39500000
chr19	40325000	41775000	40750000
chr19	41775000	43675000	43100000
chr19	43675000	44325000	43850000
chr19	44325000	45075000	44700000
chr19	45075000	45725000	45400000
chr19	45725000	46375000	46225000
chr19	46375000	46675000	46550000
chr19	46675000	47175000	46900000
chr19	47175000	47475000	47350000
chr19	47475000	48825000	48600000
chr19	48825000	49275000	49075000
chr19	49275000	49725000	49600000
chr19	49725000	50125000	49900000
chr19	50125000	50725000	50250000
chr19	50725000	51925000	51700000
chr19	51925000	53325000	52250000
chr19	53325000	53775000	53600000
chr19	53775000	55675000	54500000
chr19	55675000	55975000	55875000
chr19	55975000	57025000	56400000
chr19	57025000	58225000	57925000
chr19	58225000	59125000	58750000
chr19	59125000	60075000	59850000
chr19	60075000	60725000	60450000
chr19	60725000	60975000	60850000
chr19	60975000	61400000	61100000
chr19	61400000	62050000	61950000
chr2	650001	825000	675000
chr2	825000	1375000	950000
chr2	1375000	1925000	1550000
chr2	1925000	2625000	2200000
chr2	2625000	4325000	3150000
chr2	4325000	4975000	4675000
chr2	4975000	5775000	5500000
chr2	5775000	6225000	5900000
chr2	6225000	6925000	6750000
chr2	6925000	8625000	8100000
chr2	8625000	9925000	9100000
chr2	9925000	11425000	10900000
chr2	11425000	13475000	12550000
chr2	13475000	14275000	14075000
chr2	14275000	16325000	15650000
chr2	16325000	17875000	16525000
chr2	17875000	18725000	18400000
chr2	18725000	19325000	19100000
chr2	19325000	20425000	20000000
chr2	20425000	21075000	20550000
chr2	21075000	23075000	22300000
chr2	23075000	25175000	23700000
chr2	25175000	26525000	25800000
chr2	26525000	27575000	27000000
chr2	27575000	28925000	28100000
chr2	28925000	30125000	29400000
chr2	30125000	30725000	30350000
chr2	30725000	31875000	31150000
chr2	31875000	32725000	32250000
chr2	32725000	33625000	33250000
chr2	33625000	34400000	34300000
chr2	34375000	34675000	34475000
chr2	34675000	35525000	35100000
chr2	35525000	37725000	36700000
chr2	37725000	38425000	38025000
chr2	38425000	42275000	39900000
chr2	42275000	44475000	42400000
chr2	44475000	44925000	44700000
chr2	44925000	47325000	47100000
chr2	47325000	48525000	47625000
chr2	48525000	49575000	48900000
chr2	49575000	50275000	50150000
chr2	50275000	52225000	51600000
chr2	52225000	52775000	52350000
chr2	52775000	54075000	53800000
chr2	54075000	55075000	54600000
chr2	55075000	56325000	55650000
chr2	56325000	57225000	56550000
chr2	57225000	58775000	58000000
chr2	58775000	59575000	59000000
chr2	59575000	61025000	60900000
chr2	61025000	61425000	61250000
chr2	61425000	62475000	62200000
chr2	62475000	63000000	62900000
chr2	62950000	63925000	63050000
chr2	63925000	66075000	64700000
chr2	66075000	67525000	66900000
chr2	67525000	68175000	67750000
chr2	68175000	68825000	68275000
chr2	68825000	69675000	68950000
chr2	69675000	70825000	70300000
chr2	70825000	71575000	70950000
chr2	71575000	72475000	72325000
chr2	72475000	73025000	72800000
chr2	73025000	73275000	73150000
chr2	73275000	74675000	74350000
chr2	74675000	75875000	75100000
chr2	75875000	77325000	77150000
chr2	77325000	77875000	77775000
chr2	77875000	79075000	78400000
chr2	79075000	79575000	79175000
chr2	79575000	80475000	79900000
chr2	80475000	83725000	82500000
chr2	83725000	91225000	83950000
chr2	91225000	92475000	92350000
chr2	92475000	93375000	92700000
chr2	93375000	94275000	94050000
chr2	94275000	101875000	95400000
chr2	101875000	102225000	102050000
chr2	102225000	103525000	103150000
chr2	103525000	103725000	103625000
chr2	103725000	104725000	104300000
chr2	104725000	105625000	105275000
chr2	105625000	106625000	106275000
chr2	106625000	106875000	106750000
chr2	106875000	107925000	107600000
chr2	107925000	108825000	108325000
chr2	108825000	110025000	109150000
chr2	110025000	110975000	110800000
chr2	110975000	112425000	111500000
chr2	112425000	114225000	114050000
chr2	114225000	115475000	114600000
chr2	115475000	115825000	115700000
chr2	115825000	118525000	116400000
chr2	118525000	119275000	118900000
chr2	119275000	119725000	119500000
chr2	119725000	121425000	120900000
chr2	121425000	121875000	121700000
chr2	121875000	123375000	123200000
chr2	123375000	124225000	123500000
chr2	124225000	124525000	124400000
chr2	124525000	125525000	124650000
chr2	125525000	127125000	126200000
chr2	127125000	130625000	127750000
chr2	130625000	131225000	131000000
chr2	131225000	132025000	131650000
chr2	132025000	133375000	133250000
chr2	133375000	134725000	134000000
chr2	134725000	135575000	135025000
chr2	135575000	136075000	135900000
chr2	136075000	136825000	136250000
chr2	136825000	139775000	139100000
chr2	139775000	142525000	139875000
chr2	142525000	144225000	143300000
chr2	144225000	145975000	145100000
chr2	145975000	148025000	147650000
chr2	148025000	148625000	148400000
chr2	148625000	150775000	149250000
chr2	150775000	152775000	151100000
chr2	152775000	153525000	153100000
chr2	153525000	154675000	154050000
chr2	154675000	155475000	155000000
chr2	155475000	156075000	155600000
chr2	156075000	156825000	156650000
chr2	156825000	157475000	157000000
chr2	157475000	158175000	157900000
chr2	158175000	160625000	159700000
chr2	160625000	160875000	160725000
chr2	160875000	163125000	162200000
chr2	163125000	163825000	163725000
chr2	163825000	165925000	164200000
chr2	165925000	166775000	166400000
chr2	166775000	167575000	167200000
chr2	167575000	168075000	167800000
chr2	168075000	168825000	168450000
chr2	168825000	170225000	169600000
chr2	170225000	172775000	171550000
chr2	172775000	173725000	173500000
chr2	173725000	174375000	174100000
chr2	174375000	175325000	174725000
chr2	175325000	176425000	175925000
chr2	176425000	177325000	177100000
chr2	177325000	180175000	177425000
chr2	180175000	180975000	180600000
chr2	180975000	181525000	181250000
chr2	181525000	182100000	181750000
chr2	182100000	182400000	182300000
chr3	300001	1125000	900000
chr3	1125000	1625000	1350000
chr3	1625000	3725000	3125000
chr3	3725000	5125000	3950000
chr3	5125000	5475000	5250000
chr3	5475000	6925000	6500000
chr3	6925000	7475000	7150000
chr3	7475000	8725000	7800000
chr3	8725000	9025000	8925000
chr3	9025000	9375000	9200000
chr3	9375000	9675000	9550000
chr3	9675000	14575000	13625000
chr3	14575000	15125000	14875000
chr3	15125000	16925000	15700000
chr3	16925000	17875000	17775000
chr3	17875000	18625000	18475000
chr3	18625000	19175000	18800000
chr3	19175000	19975000	19600000
chr3	19975000	21975000	20500000
chr3	21975000	23975000	23300000
chr3	23975000	25125000	24325000
chr3	25125000	27825000	25800000
chr3	27825000	28725000	28550000
chr3	28725000	29875000	29250000
chr3	29875000	30575000	30200000
chr3	30575000	31025000	30725000
chr3	31025000	32475000	31650000
chr3	32475000	34025000	33400000
chr3	34025000	34725000	34125000
chr3	34725000	36525000	36325000
chr3	36525000	37675000	36950000
chr3	37675000	38375000	38050000
chr3	38375000	38825000	38725000
chr3	38825000	40475000	39400000
chr3	40475000	40725000	40575000
chr3	40725000	43925000	43600000
chr3	43925000	46975000	44250000
chr3	46975000	49825000	47225000
chr3	49825000	51375000	50200000
chr3	51375000	52125000	51900000
chr3	52125000	53025000	52650000
chr3	53025000	53325000	53150000
chr3	53325000	55575000	54300000
chr3	55575000	58775000	56900000
chr3	58775000	60475000	59950000
chr3	60475000	61325000	60800000
chr3	61325000	63925000	61950000
chr3	63925000	65525000	64600000
chr3	65525000	65975000	65750000
chr3	65975000	66975000	66700000
chr3	66975000	67625000	67150000
chr3	67625000	67975000	67750000
chr3	67975000	68825000	68200000
chr3	68825000	69125000	68975000
chr3	69125000	69675000	69550000
chr3	69675000	79425000	75700000
chr3	79425000	81275000	80600000
chr3	81275000	82275000	81550000
chr3	82275000	84325000	82600000
chr3	84325000	86825000	85400000
chr3	86825000	88575000	87300000
chr3	88575000	90325000	89700000
chr3	90325000	95175000	92650000
chr3	95175000	95825000	95725000
chr3	95825000	97325000	97050000
chr3	97325000	97975000	97500000
chr3	97975000	99225000	99025000
chr3	99225000	101525000	99600000
chr3	101525000	103425000	102700000
chr3	103425000	103775000	103650000
chr3	103775000	104775000	104075000
chr3	104775000	105775000	105550000
chr3	105775000	108425000	106500000
chr3	108425000	109725000	109550000
chr3	109725000	110225000	110050000
chr3	110225000	112275000	111800000
chr3	112275000	113375000	112700000
chr3	113375000	113675000	113550000
chr3	113675000	113975000	113850000
chr3	113975000	116125000	114500000
chr3	116125000	116725000	116225000
chr3	116725000	118525000	118125000
chr3	118525000	119125000	118675000
chr3	119125000	119825000	119400000
chr3	119825000	121425000	120400000
chr3	121425000	122375000	121850000
chr3	122375000	129225000	128700000
chr3	129225000	129675000	129550000
chr3	129675000	130775000	130300000
chr3	130775000	131075000	130950000
chr3	131075000	134275000	133800000
chr3	134275000	135525000	134800000
chr3	135525000	136625000	136400000
chr3	136625000	137025000	136750000
chr3	137025000	138025000	137200000
chr3	138025000	138525000	138150000
chr3	138525000	140075000	139700000
chr3	140075000	140625000	140250000
chr3	140625000	142375000	140800000
chr3	142375000	144625000	143500000
chr3	144625000	145725000	145100000
chr3	145725000	146375000	146225000
chr3	146375000	149225000	147600000
chr3	149225000	152275000	150400000
chr3	152275000	153025000	152800000
chr3	153025000	153825000	153400000
chr3	153825000	155575000	155400000
chr3	155575000	156525000	155775000
chr3	156525000	157325000	156800000
chr3	157325000	157875000	157700000
chr3	157875000	159325000	158725000
chr3	159325000	160000000	159450000
chr3	160000000	160550000	160450000
chr4	550001	675000	475000
chr4	675000	1075000	825000
chr4	1075000	1525000	1250000
chr4	1525000	1875000	1675000
chr4	1875000	2975000	2150000
chr4	2975000	3875000	3350000
chr4	3875000	4625000	4300000
chr4	4625000	5425000	5125000
chr4	5425000	6575000	5725000
chr4	6575000	7075000	6800000
chr4	7075000	8625000	7650000
chr4	8625000	9025000	8750000
chr4	9025000	11125000	10200000
chr4	11125000	11975000	11700000
chr4	11975000	12625000	12450000
chr4	12625000	13275000	13175000
chr4	13275000	13725000	13425000
chr4	13725000	14875000	14250000
chr4	14875000	16025000	15700000
chr4	16025000	17775000	17325000
chr4	17775000	18225000	17950000
chr4	18225000	18625000	18450000
chr4	18625000	20225000	18750000
chr4	20225000	20825000	20400000
chr4	20825000	21875000	21300000
chr4	21875000	22575000	22350000
chr4	22575000	22825000	22725000
chr4	22825000	23825000	23300000
chr4	23825000	24875000	24625000
chr4	24875000	26875000	25900000
chr4	26875000	28025000	27075000
chr4	28025000	30625000	29950000
chr4	30625000	32175000	30900000
chr4	32175000	32925000	32450000
chr4	32925000	41075000	34050000
chr4	41075000	41625000	41175000
chr4	41625000	42775000	42050000
chr4	42775000	43475000	43100000
chr4	43475000	44025000	43750000
chr4	44025000	44725000	44500000
chr4	44725000	44925000	44825000
chr4	44925000	45375000	45150000
chr4	45375000	45575000	45475000
chr4	45575000	46625000	46250000
chr4	46625000	47425000	47150000
chr4	47425000	48525000	47800000
chr4	48525000	49575000	49400000
chr4	49575000	52525000	51100000
chr4	52525000	53825000	52700000
chr4	53825000	55275000	54350000
chr4	55275000	57125000	56050000
chr4	57125000	57775000	57450000
chr4	57775000	58975000	58500000
chr4	58975000	59675000	59175000
chr4	59675000	59875000	59775000
chr4	59875000	60675000	60500000
chr4	60675000	61025000	60875000
chr4	61025000	61425000	61250000
chr4	61425000	62625000	61600000
chr4	62625000	70575000	64400000
chr4	70575000	72075000	71250000
chr4	72075000	74275000	73800000
chr4	74275000	75875000	74750000
chr4	75875000	81525000	76200000
chr4	81525000	82225000	81950000
chr4	82225000	82725000	82350000
chr4	82725000	83525000	83000000
chr4	83525000	84225000	83850000
chr4	84225000	84675000	84550000
chr4	84675000	86025000	85500000
chr4	86025000	86725000	86200000
chr4	86725000	88075000	87100000
chr4	88075000	88425000	88275000
chr4	88425000	95125000	90600000
chr4	95125000	97675000	96450000
chr4	97675000	98225000	98025000
chr4	98225000	99175000	98375000
chr4	99175000	100025000	99700000
chr4	100025000	100725000	100250000
chr4	100725000	103025000	101900000
chr4	103025000	105325000	103900000
chr4	105325000	106875000	105925000
chr4	106875000	107725000	107500000
chr4	107725000	108375000	108050000
chr4	108375000	108875000	108750000
chr4	108875000	109275000	109175000
chr4	109275000	110025000	109800000
chr4	110025000	111625000	110800000
chr4	111625000	112475000	112100000
chr4	112475000	116175000	113525000
chr4	116175000	116725000	116400000
chr4	116725000	117175000	116900000
chr4	117175000	118475000	118050000
chr4	118475000	119125000	118800000
chr4	119125000	120675000	119850000
chr4	120675000	121825000	121650000
chr4	121825000	122125000	121950000
chr4	122125000	123325000	122250000
chr4	123325000	123725000	123600000
chr4	123725000	124925000	124100000
chr4	124925000	126225000	125650000
chr4	126225000	126975000	126800000
chr4	126975000	129275000	128100000
chr4	129275000	132275000	131500000
chr4	132275000	133075000	132650000
chr4	133075000	133825000	133600000
chr4	133825000	134725000	134200000
chr4	134725000	135325000	135100000
chr4	135325000	136125000	135600000
chr4	136125000	136875000	136750000
chr4	136875000	137775000	137175000
chr4	137775000	139775000	138700000
chr4	139775000	140675000	140300000
chr4	140675000	141325000	140825000
chr4	141325000	143225000	142750000
chr4	143225000	144925000	143850000
chr4	144925000	145875000	145775000
chr4	145875000	146825000	146050000
chr4	146825000	147175000	147025000
chr4	147175000	148125000	147275000
chr4	148125000	148725000	148300000
chr4	148725000	149525000	149150000
chr4	149525000	150225000	149900000
chr4	150225000	150725000	150500000
chr4	150725000	152125000	151550000
chr4	152125000	154375000	153200000
chr4	154375000	154625000	154500000
chr4	154625000	155025000	154775000
chr4	155025000	156500000	155500000
chr4	156500000	157550000	157450000
chr5	NA	725000	550000
chr5	725000	1325000	975000
chr5	1325000	2425000	2125000
chr5	2425000	3875000	2875000
chr5	3875000	4775000	4400000
chr5	4775000	5425000	5125000
chr5	5425000	8425000	7150000
chr5	8425000	9025000	8700000
chr5	9025000	10625000	10350000
chr5	10625000	11075000	10950000
chr5	11075000	11625000	11350000
chr5	11625000	13575000	11825000
chr5	13575000	15225000	15125000
chr5	15225000	15975000	15350000
chr5	15975000	17525000	16700000
chr5	17525000	18375000	18275000
chr5	18375000	19825000	18800000
chr5	19825000	21025000	20100000
chr5	21025000	21725000	21275000
chr5	21725000	23725000	22800000
chr5	23725000	24475000	23950000
chr5	24475000	25525000	25300000
chr5	25525000	28175000	27200000
chr5	28175000	30225000	29650000
chr5	30225000	30925000	30350000
chr5	30925000	32175000	31900000
chr5	32175000	32675000	32275000
chr5	32675000	33725000	32800000
chr5	33725000	34525000	34100000
chr5	34525000	36625000	35300000
chr5	36625000	37875000	37300000
chr5	37875000	39675000	39300000
chr5	39675000	42225000	40625000
chr5	42225000	44175000	42700000
chr5	44175000	45425000	45200000
chr5	45425000	46425000	46150000
chr5	46425000	46775000	46600000
chr5	46775000	48375000	47550000
chr5	48375000	50175000	49525000
chr5	50175000	53275000	51025000
chr5	53275000	53625000	53450000
chr5	53625000	55425000	55100000
chr5	55425000	58175000	56550000
chr5	58175000	65475000	63200000
chr5	65475000	66725000	66450000
chr5	66725000	67225000	66950000
chr5	67225000	68975000	68875000
chr5	68975000	69775000	69125000
chr5	69775000	70825000	70450000
chr5	70825000	72975000	71300000
chr5	72975000	73325000	73075000
chr5	73325000	75025000	73800000
chr5	75025000	75925000	75475000
chr5	75925000	76625000	76250000
chr5	76625000	77175000	76750000
chr5	77175000	80975000	79000000
chr5	80975000	81875000	81400000
chr5	81875000	82675000	82525000
chr5	82675000	84525000	83200000
chr5	84525000	84775000	84650000
chr5	84775000	86075000	85500000
chr5	86075000	88725000	87400000
chr5	88725000	89975000	89225000
chr5	89975000	92825000	91000000
chr5	92825000	94525000	94350000
chr5	94525000	95075000	94650000
chr5	95075000	95375000	95275000
chr5	95375000	96275000	95650000
chr5	96275000	96925000	96625000
chr5	96925000	99525000	97700000
chr5	99525000	99975000	99700000
chr5	99975000	100325000	100150000
chr5	100325000	101775000	101200000
chr5	101775000	102125000	101925000
chr5	102125000	103375000	102500000
chr5	103375000	103675000	103550000
chr5	103675000	105775000	104800000
chr5	105775000	106475000	106225000
chr5	106475000	107075000	106575000
chr5	107075000	108025000	107600000
chr5	108025000	110875000	109300000
chr5	110875000	111575000	111100000
chr5	111575000	112275000	112000000
chr5	112275000	113925000	113600000
chr5	113925000	114525000	114200000
chr5	114525000	115375000	114800000
chr5	115375000	116425000	116100000
chr5	116425000	117325000	116800000
chr5	117325000	118475000	117650000
chr5	118475000	119675000	119300000
chr5	119675000	120525000	119850000
chr5	120525000	121675000	120900000
chr5	121675000	122175000	121900000
chr5	122175000	122625000	122350000
chr5	122625000	123075000	122875000
chr5	123075000	123525000	123400000
chr5	123525000	124075000	123650000
chr5	124075000	127225000	126600000
chr5	127225000	128575000	128000000
chr5	128575000	129025000	128875000
chr5	129025000	129925000	129400000
chr5	129925000	130925000	130700000
chr5	130925000	132575000	131050000
chr5	132575000	134475000	133300000
chr5	134475000	135275000	134875000
chr5	135275000	135975000	135500000
chr5	135975000	136625000	136450000
chr5	136625000	136975000	136725000
chr5	136975000	137625000	137200000
chr5	137625000	139775000	138400000
chr5	139775000	140575000	140150000
chr5	140575000	142925000	141500000
chr5	142925000	143575000	143350000
chr5	143575000	144975000	144550000
chr5	144975000	146825000	145800000
chr5	146825000	147325000	147150000
chr5	147325000	149425000	148000000
chr5	149425000	150625000	150200000
chr5	150625000	151800000	151525000
chr5	151800000	152875000	152775000
chr6	NA	975000	525000
chr6	975000	1525000	1350000
chr6	1525000	1825000	1725000
chr6	1750000	1975000	1850000
chr6	1975000	2175000	2075000
chr6	2175000	2575000	2350000
chr6	2575000	3175000	2825000
chr6	3175000	3425000	3275000
chr6	3425000	4825000	3750000
chr6	4825000	5275000	5150000
chr6	5275000	6275000	5900000
chr6	6275000	8525000	6600000
chr6	8525000	12825000	12350000
chr6	12825000	13575000	13400000
chr6	13575000	14925000	14300000
chr6	14925000	15625000	15050000
chr6	15625000	17625000	16400000
chr6	17625000	23275000	22600000
chr6	23275000	23875000	23750000
chr6	23875000	24525000	24325000
chr6	24525000	28475000	25500000
chr6	28475000	29675000	28600000
chr6	29675000	30575000	29875000
chr6	30575000	32625000	32200000
chr6	32625000	33225000	32850000
chr6	33225000	34075000	33550000
chr6	34075000	34975000	34750000
chr6	34975000	36825000	35950000
chr6	36825000	38625000	37700000
chr6	38625000	39425000	39050000
chr6	39425000	41525000	41300000
chr6	41525000	42325000	41750000
chr6	42325000	43625000	43050000
chr6	43625000	47275000	44600000
chr6	47275000	47875000	47675000
chr6	47875000	49175000	48650000
chr6	49175000	51475000	50000000
chr6	51475000	52225000	51900000
chr6	52225000	52725000	52625000
chr6	52725000	54025000	53425000
chr6	54025000	54425000	54150000
chr6	54425000	55325000	54925000
chr6	55325000	56725000	56300000
chr6	56725000	57725000	57325000
chr6	57725000	59075000	58250000
chr6	59075000	60975000	59950000
chr6	60975000	61875000	61625000
chr6	61875000	62525000	62250000
chr6	62525000	63175000	62725000
chr6	63175000	65025000	63600000
chr6	65025000	66025000	65900000
chr6	66025000	67125000	66200000
chr6	67125000	71125000	68650000
chr6	71125000	72325000	71350000
chr6	72325000	72825000	72725000
chr6	72825000	78125000	77150000
chr6	78125000	82025000	81050000
chr6	82025000	83225000	82250000
chr6	83225000	85375000	84700000
chr6	85375000	86525000	85825000
chr6	86525000	88175000	87250000
chr6	88175000	88925000	88550000
chr6	88925000	89625000	89475000
chr6	89625000	90675000	90050000
chr6	90675000	91225000	90800000
chr6	91225000	91925000	91775000
chr6	91925000	92725000	92500000
chr6	92725000	93625000	93250000
chr6	93625000	94375000	93925000
chr6	94375000	97275000	95600000
chr6	97275000	97725000	97500000
chr6	97725000	98875000	98350000
chr6	98875000	99525000	99150000
chr6	99525000	100475000	99750000
chr6	100475000	102625000	102400000
chr6	102625000	103525000	102850000
chr6	103525000	104925000	104825000
chr6	104925000	106925000	105300000
chr6	106925000	108175000	107200000
chr6	108175000	108675000	108400000
chr6	108675000	110575000	110200000
chr6	110575000	112975000	110900000
chr6	112975000	113475000	113325000
chr6	113475000	114725000	114200000
chr6	114725000	117875000	117100000
chr6	117875000	118525000	118150000
chr6	118525000	119525000	118900000
chr6	119525000	120575000	119800000
chr6	120575000	121125000	121025000
chr6	121125000	122725000	122000000
chr6	122725000	123475000	123375000
chr6	123475000	124925000	123750000
chr6	124925000	126525000	126200000
chr6	126525000	127375000	126625000
chr6	127375000	128175000	127800000
chr6	128175000	133975000	130850000
chr6	133975000	134925000	134075000
chr6	134925000	136475000	136000000
chr6	136475000	137425000	137325000
chr6	137425000	138575000	138375000
chr6	138575000	140725000	139000000
chr6	140725000	142975000	141925000
chr6	142975000	143775000	143600000
chr6	143775000	144775000	144550000
chr6	144775000	145925000	145550000
chr6	145925000	146825000	146200000
chr6	146825000	147675000	147550000
chr6	147675000	148975000	147850000
chr6	148975000	149700000	149400000
chr6	149700000	150600000	150500000
chr7	900001	1625000	925000
chr7	1625000	2275000	2125000
chr7	2275000	3525000	2800000
chr7	3525000	3900000	3800000
chr7	3875000	4775000	3975000
chr7	4775000	5775000	5575000
chr7	5775000	6775000	5875000
chr7	6775000	7075000	6875000
chr7	7075000	8175000	8050000
chr7	8175000	8725000	8350000
chr7	8725000	9725000	9250000
chr7	9725000	10525000	10100000
chr7	10525000	12975000	10900000
chr7	12975000	14875000	14025000
chr7	14875000	16375000	15050000
chr7	16375000	16875000	16600000
chr7	16875000	19275000	18100000
chr7	19275000	20775000	20550000
chr7	20775000	21225000	20950000
chr7	21225000	21575000	21375000
chr7	21575000	22075000	21975000
chr7	22075000	23075000	22500000
chr7	23075000	24575000	23500000
chr7	24575000	25275000	24675000
chr7	25275000	28425000	27900000
chr7	28425000	28825000	28575000
chr7	28825000	30225000	29600000
chr7	30225000	31925000	31825000
chr7	31875000	32175000	31975000
chr7	32175000	32975000	32275000
chr7	32975000	34625000	33300000
chr7	34625000	35325000	34950000
chr7	35325000	35625000	35425000
chr7	35625000	35875000	35775000
chr7	35875000	36675000	36400000
chr7	36675000	38025000	36800000
chr7	38025000	38975000	38725000
chr7	38975000	39275000	39150000
chr7	39275000	39775000	39425000
chr7	39775000	40375000	40000000
chr7	40375000	41725000	41200000
chr7	41725000	42625000	42100000
chr7	42625000	44425000	42875000
chr7	44425000	45125000	44650000
chr7	45125000	45475000	45350000
chr7	45475000	46825000	46400000
chr7	46825000	48925000	47800000
chr7	48925000	51825000	51100000
chr7	51825000	53125000	52750000
chr7	53125000	54775000	53600000
chr7	54775000	56025000	55150000
chr7	56025000	57525000	57100000
chr7	57525000	58875000	58100000
chr7	58875000	60225000	59750000
chr7	60225000	60575000	60350000
chr7	60575000	62425000	61200000
chr7	62425000	64175000	63200000
chr7	64175000	65425000	64600000
chr7	65425000	66225000	65800000
chr7	66225000	67475000	67000000
chr7	67475000	68275000	68075000
chr7	68275000	70125000	69100000
chr7	70125000	70625000	70400000
chr7	70625000	72475000	71800000
chr7	72475000	73575000	72600000
chr7	73575000	75425000	74800000
chr7	75425000	75825000	75650000
chr7	75825000	77625000	77425000
chr7	77625000	80175000	78000000
chr7	80175000	80875000	80750000
chr7	80875000	82975000	82500000
chr7	82975000	83525000	83400000
chr7	83525000	83875000	83675000
chr7	83875000	88375000	87575000
chr7	88375000	89575000	88675000
chr7	89575000	89875000	89750000
chr7	89875000	91425000	91100000
chr7	91425000	92925000	91550000
chr7	92925000	93475000	93350000
chr7	93475000	96625000	94100000
chr7	96625000	97425000	97100000
chr7	97425000	98775000	97950000
chr7	98775000	99375000	99025000
chr7	99375000	100675000	99800000
chr7	100675000	101875000	101550000
chr7	101875000	104325000	103650000
chr7	104325000	105825000	104650000
chr7	105825000	110075000	106900000
chr7	110075000	112575000	111600000
chr7	112575000	114175000	113600000
chr7	114175000	115475000	114700000
chr7	115475000	116125000	115750000
chr7	116125000	116475000	116350000
chr7	116475000	117375000	117000000
chr7	117375000	117725000	117500000
chr7	117725000	118275000	117925000
chr7	118275000	118925000	118375000
chr7	118925000	119775000	119650000
chr7	119775000	120925000	120325000
chr7	120925000	121875000	121450000
chr7	121875000	123125000	122000000
chr7	123125000	124325000	124200000
chr7	124325000	127175000	124550000
chr7	127175000	127825000	127525000
chr7	127825000	128525000	128200000
chr7	128525000	130325000	129100000
chr7	130325000	131625000	131200000
chr7	131625000	132625000	131950000
chr7	132625000	132875000	132750000
chr7	132875000	133675000	133300000
chr7	133675000	134625000	134300000
chr7	134625000	135675000	134950000
chr7	135675000	137325000	136300000
chr7	137325000	139275000	138400000
chr7	139275000	140025000	139750000
chr7	140025000	141425000	140500000
chr7	141425000	142525000	142000000
chr7	142525000	143125000	143000000
chr7	143125000	145400000	143225000
chr7	145400000	146050000	145950000
chr8	650001	1050000	950000
chr8	975000	1175000	1075000
chr8	1175000	1475000	1350000
chr8	1475000	1725000	1600000
chr8	1725000	2125000	2025000
chr8	2125000	2575000	2350000
chr8	2575000	3575000	2875000
chr8	3575000	4225000	3900000
chr8	4225000	5325000	5175000
chr8	5325000	6075000	5625000
chr8	6075000	6575000	6250000
chr8	6575000	8525000	6875000
chr8	8525000	10925000	9650000
chr8	10925000	11475000	11200000
chr8	11475000	12475000	11950000
chr8	12475000	13025000	12900000
chr8	13025000	14975000	14350000
chr8	14975000	16875000	16750000
chr8	16875000	18875000	17125000
chr8	18875000	19875000	19600000
chr8	19875000	20175000	20000000
chr8	20175000	20425000	20325000
chr8	20425000	20825000	20650000
chr8	20825000	21125000	20925000
chr8	21125000	21375000	21275000
chr8	21375000	22625000	21575000
chr8	22625000	23425000	23050000
chr8	23425000	24475000	23900000
chr8	24475000	25325000	24750000
chr8	25325000	26025000	25800000
chr8	26025000	27075000	26125000
chr8	27075000	29025000	28450000
chr8	29025000	31125000	29700000
chr8	31125000	32025000	31550000
chr8	32025000	32275000	32150000
chr8	32275000	34025000	32700000
chr8	34025000	35175000	34750000
chr8	35175000	35425000	35325000
chr8	35425000	36225000	35600000
chr8	36225000	38925000	38350000
chr8	38925000	41075000	39550000
chr8	41075000	43225000	42600000
chr8	43225000	46225000	43625000
chr8	46225000	46975000	46400000
chr8	46975000	47425000	47300000
chr8	47425000	47725000	47525000
chr8	47725000	48075000	47875000
chr8	48075000	48925000	48550000
chr8	48925000	52325000	51750000
chr8	52325000	53525000	52475000
chr8	53525000	53975000	53875000
chr8	53975000	54775000	54300000
chr8	54775000	55175000	54900000
chr8	55175000	57725000	55825000
chr8	57725000	61475000	59600000
chr8	61475000	62875000	62750000
chr8	62875000	64725000	63100000
chr8	64725000	65925000	65700000
chr8	65925000	66425000	66300000
chr8	66425000	66825000	66650000
chr8	66825000	67625000	67000000
chr8	67625000	68075000	67850000
chr8	68075000	69275000	68500000
chr8	69275000	70675000	69400000
chr8	70675000	71525000	71150000
chr8	71525000	72375000	71950000
chr8	72375000	72625000	72500000
chr8	72625000	73800000	73700000
chr8	73800000	74975000	73900000
chr8	74975000	76325000	75900000
chr8	76325000	77625000	76550000
chr8	77625000	78425000	78000000
chr8	78425000	79625000	78600000
chr8	79625000	80725000	80250000
chr8	80725000	81825000	81525000
chr8	81825000	84075000	82300000
chr8	84075000	84775000	84400000
chr8	84775000	86875000	85950000
chr8	86875000	87625000	87150000
chr8	87625000	88025000	87800000
chr8	88025000	90125000	89550000
chr8	90125000	90775000	90350000
chr8	90775000	91775000	90875000
chr8	91775000	92125000	92000000
chr8	92125000	94125000	93300000
chr8	94125000	94925000	94350000
chr8	94925000	96875000	96775000
chr8	96875000	97425000	97000000
chr8	97425000	98325000	97700000
chr8	98325000	99525000	99250000
chr8	99525000	100825000	100000000
chr8	100825000	101275000	101150000
chr8	101275000	103375000	101425000
chr8	103375000	104475000	103750000
chr8	104475000	105525000	104800000
chr8	105525000	107075000	106400000
chr8	107075000	109025000	108900000
chr8	109025000	109775000	109200000
chr8	109775000	111025000	110200000
chr8	111025000	111725000	111400000
chr8	111725000	114925000	114650000
chr8	114925000	115275000	115150000
chr8	115275000	116225000	116000000
chr8	116225000	117225000	116700000
chr8	117225000	120175000	118700000
chr8	120175000	120575000	120425000
chr8	120575000	121275000	121000000
chr8	121275000	122475000	121550000
chr8	122475000	123375000	122950000
chr8	123375000	123725000	123600000
chr8	123725000	125325000	124400000
chr8	125325000	126625000	126150000
chr8	126625000	128475000	128100000
chr8	128475000	128925000	128800000
chr8	128925000	129400000	129100000
chr8	129400000	129650000	129550000
chr9	250001	850000	750000
chr9	825000	1025000	925000
chr9	1025000	1625000	1350000
chr9	1625000	1825000	1725000
chr9	1750000	2025000	1850000
chr9	2025000	3025000	2825000
chr9	3025000	3425000	3125000
chr9	3425000	3925000	3750000
chr9	3925000	4375000	4075000
chr9	4375000	4925000	4725000
chr9	4925000	6875000	5475000
chr9	6875000	7975000	7000000
chr9	7975000	9275000	8700000
chr9	9275000	10275000	9950000
chr9	10275000	11175000	10750000
chr9	11175000	13275000	11700000
chr9	13275000	13775000	13650000
chr9	13775000	14625000	14200000
chr9	14625000	16525000	16200000
chr9	16525000	18225000	17900000
chr9	18225000	21225000	19100000
chr9	21225000	23075000	22800000
chr9	23075000	24325000	23900000
chr9	24325000	25125000	24500000
chr9	25125000	27175000	26000000
chr9	27175000	27375000	27275000
chr9	27375000	28275000	28000000
chr9	28275000	29475000	28550000
chr9	29475000	30525000	30100000
chr9	30525000	31275000	30650000
chr9	31275000	32025000	31675000
chr9	32025000	32575000	32450000
chr9	32575000	35375000	33650000
chr9	35375000	39425000	39075000
chr9	39425000	41275000	39650000
chr9	41275000	41725000	41550000
chr9	41725000	43275000	42700000
chr9	43275000	44425000	43600000
chr9	44425000	45975000	45300000
chr9	45975000	47375000	47000000
chr9	47375000	47925000	47600000
chr9	47925000	48825000	48325000
chr9	48825000	49875000	49600000
chr9	49875000	50725000	50125000
chr9	50725000	52075000	51600000
chr9	52075000	53425000	52700000
chr9	53425000	54825000	54000000
chr9	54825000	56175000	55750000
chr9	56175000	56525000	56300000
chr9	56525000	56925000	56750000
chr9	56925000	58125000	57200000
chr9	58125000	58725000	58625000
chr9	58725000	59375000	59000000
chr9	59375000	59675000	59475000
chr9	59675000	61325000	59850000
chr9	61325000	61875000	61775000
chr9	61875000	63075000	62075000
chr9	63075000	63875000	63400000
chr9	63875000	65175000	64600000
chr9	65175000	65575000	65400000
chr9	65575000	66075000	65900000
chr9	66075000	66975000	66450000
chr9	66975000	67625000	67525000
chr9	67625000	68675000	68400000
chr9	68675000	69475000	68775000
chr9	69475000	70525000	70350000
chr9	70525000	71775000	71250000
chr9	71775000	72775000	71950000
chr9	72775000	74175000	73800000
chr9	74175000	75325000	74350000
chr9	75325000	78025000	76600000
chr9	78025000	78525000	78150000
chr9	78525000	78725000	78625000
chr9	78725000	81575000	81300000
chr9	81575000	83525000	82000000
chr9	83525000	85825000	84800000
chr9	85825000	86475000	85950000
chr9	86475000	87725000	87525000
chr9	87725000	88475000	87950000
chr9	88475000	90125000	89350000
chr9	90125000	91325000	90550000
chr9	91325000	92525000	92375000
chr9	92525000	92925000	92825000
chr9	92925000	96475000	93550000
chr9	96475000	96775000	96600000
chr9	96775000	99225000	98000000
chr9	99225000	100575000	100050000
chr9	100575000	102725000	101550000
chr9	102725000	103475000	103100000
chr9	103475000	104125000	103950000
chr9	104125000	106375000	104900000
chr9	106375000	107675000	106950000
chr9	107675000	110325000	109500000
chr9	110325000	112125000	111850000
chr9	112125000	113725000	112600000
chr9	113725000	114575000	113950000
chr9	114575000	114925000	114825000
chr9	114925000	119025000	116700000
chr9	119025000	119975000	119650000
chr9	119975000	120675000	120325000
chr9	120675000	121275000	120775000
chr9	121275000	122075000	121725000
chr9	122075000	123025000	122750000
chr9	123025000	123875000	123750000
chr9	123875000	124075000	123975000
chr9	124075000	124550000	124275000
chr9	124550000	124800000	124700000
chrX	250001	625000	525000
chrX	625000	1075000	925000
chrX	1075000	1875000	1675000
chrX	1875000	2125000	1975000
chrX	2125000	3575000	3350000
chrX	3575000	3925000	3750000
chrX	3925000	4225000	4100000
chrX	4225000	6375000	4350000
chrX	6375000	7775000	6600000
chrX	7775000	9175000	8800000
chrX	9175000	10725000	9500000
chrX	10725000	12875000	10950000
chrX	12875000	13225000	13050000
chrX	13225000	14625000	14375000
chrX	14625000	17525000	16000000
chrX	17525000	18075000	17975000
chrX	18075000	19275000	18775000
chrX	19275000	20775000	19525000
chrX	20775000	23125000	22050000
chrX	23125000	24925000	24650000
chrX	24925000	27025000	25575000
chrX	27025000	29475000	29225000
chrX	29475000	29925000	29625000
chrX	29925000	30325000	30150000
chrX	30325000	30525000	30425000
chrX	30525000	34875000	34550000
chrX	34875000	36825000	35050000
chrX	36825000	38525000	37800000
chrX	38525000	42125000	39850000
chrX	42125000	48425000	44050000
chrX	48425000	50775000	50000000
chrX	50775000	50975000	50875000
chrX	50975000	52175000	51325000
chrX	52175000	52675000	52375000
chrX	52675000	54675000	54525000
chrX	54675000	56525000	54825000
chrX	56525000	57975000	57100000
chrX	57975000	59625000	59350000
chrX	59625000	60525000	59750000
chrX	60525000	60775000	60650000
chrX	60775000	68675000	67825000
chrX	68675000	69325000	68800000
chrX	69325000	69925000	69550000
chrX	69925000	71525000	70750000
chrX	71525000	73025000	72325000
chrX	73025000	73975000	73200000
chrX	73975000	74325000	74150000
chrX	74325000	75675000	75300000
chrX	75675000	77475000	76525000
chrX	77475000	78675000	78550000
chrX	78675000	82825000	79850000
chrX	82825000	83575000	83375000
chrX	83575000	84775000	83700000
chrX	84775000	85275000	85150000
chrX	85275000	85875000	85575000
chrX	85875000	93275000	87250000
chrX	93275000	94175000	93450000
chrX	94175000	95675000	95450000
chrX	95675000	96025000	95775000
chrX	96025000	97425000	96850000
chrX	97425000	99425000	97800000
chrX	99425000	101375000	100200000
chrX	101375000	101625000	101525000
chrX	101625000	102125000	101900000
chrX	102125000	103525000	102900000
chrX	103525000	104475000	104375000
chrX	104475000	105125000	104700000
chrX	105125000	106125000	105300000
chrX	106125000	108675000	107250000
chrX	108675000	109075000	108800000
chrX	109075000	110375000	109750000
chrX	110375000	111275000	111125000
chrX	111275000	113225000	112100000
chrX	113225000	113825000	113650000
chrX	113825000	123375000	121900000
chrX	123375000	124375000	123925000
chrX	124375000	124875000	124525000
chrX	124875000	125425000	125275000
chrX	125425000	126275000	126150000
chrX	126275000	127675000	126750000
chrX	127675000	129825000	128050000
chrX	129825000	130525000	130000000
chrX	130525000	133525000	131725000
chrX	133525000	134675000	133675000
chrX	134675000	136225000	135500000
chrX	136225000	136675000	136450000
chrX	136675000	138375000	138000000
chrX	138375000	139825000	138650000
chrX	139825000	140525000	140100000
chrX	140525000	141075000	140800000
chrX	141075000	141725000	141400000
chrX	141725000	142525000	141950000
chrX	142525000	145575000	144800000
chrX	145575000	148425000	147975000
chrX	148425000	149275000	148600000
chrX	149275000	151075000	149375000
chrX	151075000	152275000	151575000
chrX	152275000	153025000	152600000
chrX	153025000	157525000	154600000
chrX	157525000	159575000	158300000
chrX	159575000	160075000	159950000
chrX	160075000	160675000	160500000
chrX	160675000	161775000	161250000
chrX	161775000	162775000	161900000
chrX	162775000	164025000	163525000
chrX	164025000	166775000	165300000
chrX	166775000	168275000	167950000
chrX	168275000	168625000	168500000
chrX	168625000	169925000	168775000
chrX	169925000	171000000	170225000
chrX	171000000	172050000	171950000
chrY	NA	625000	425000
chrY	625000	1225000	925000
chrY	1225000	2325000	1725000
chrY	2325000	3325000	3100000
chrY	3325000	3775000	3450000
chrY	3775000	4425000	4175000
chrY	4425000	6125000	4600000
chrY	6125000	7825000	6375000
chrY	7825000	8025000	7925000
chrY	8025000	10075000	8150000
chrY	10075000	10625000	10525000
chrY	10625000	10875000	10775000
chrY	10875000	12675000	11275000
chrY	12675000	13675000	12925000
chrY	13675000	14325000	13875000
chrY	14325000	16175000	16050000
chrY	16175000	16875000	16450000
chrY	16875000	18775000	17875000
chrY	18775000	20025000	18975000
chrY	20025000	22275000	22125000
chrY	22275000	22475000	22375000
chrY	22475000	23225000	22650000
chrY	23225000	23650000	23550000
chrY	23575000	24475000	23675000
chrY	24475000	25975000	25350000
chrY	25975000	26275000	26175000
chrY	26275000	27075000	26725000
chrY	27075000	27625000	27475000
chrY	27625000	28125000	27750000
chrY	28125000	29175000	28250000
chrY	29175000	29375000	29275000
chrY	29375000	29975000	29550000
chrY	29975000	33075000	30625000
chrY	33075000	35075000	34550000
chrY	35075000	35425000	35275000
chrY	35425000	36925000	36825000
chrY	36925000	37475000	37175000
chrY	37475000	37725000	37625000
chrY	37725000	39875000	39325000
chrY	39875000	40475000	40350000
chrY	40475000	41625000	40575000
chrY	41625000	41925000	41750000
chrY	41925000	42175000	42050000
chrY	42175000	42975000	42550000
chrY	42975000	43875000	43075000
chrY	43875000	44875000	44150000
chrY	44875000	45375000	45275000
chrY	45375000	46625000	46325000
chrY	46625000	47025000	46725000
chrY	47025000	47250000	47150000
chrY	47225000	47625000	47325000
chrY	47625000	48675000	48325000
chrY	48675000	48925000	48825000
chrY	48925000	49425000	49075000
chrY	49425000	49675000	49550000
chrY	49675000	50425000	50100000
chrY	50425000	51025000	50825000
chrY	51025000	51250000	51150000
chrY	51250000	51575000	51350000
chrY	51575000	52225000	52000000
chrY	52225000	52425000	52325000
chrY	52350000	52575000	52450000
chrY	52575000	53975000	53550000
chrY	53975000	54775000	54375000
chrY	54775000	55175000	54900000
chrY	55175000	55925000	55575000
chrY	55925000	56225000	56125000
chrY	56225000	56675000	56450000
chrY	56675000	57075000	56950000
chrY	57075000	57625000	57350000
chrY	57625000	58575000	58050000
chrY	58575000	59575000	59375000
chrY	59575000	61025000	60675000
chrY	61025000	61650000	61550000
chrY	61575000	61875000	61675000
chrY	61875000	62125000	62000000
chrY	62125000	62525000	62350000
chrY	62525000	63825000	63250000
chrY	63825000	65525000	64150000
chrY	65525000	66325000	66150000
chrY	66325000	67025000	66575000
chrY	67025000	67875000	67575000
chrY	67875000	68525000	68175000
chrY	68525000	69775000	68725000
chrY	69775000	70675000	70550000
chrY	70675000	71675000	71575000
chrY	71675000	72075000	71775000
chrY	72075000	73825000	72725000
chrY	73825000	75025000	74925000
chrY	75025000	75875000	75325000
chrY	75875000	76975000	76525000
chrY	76975000	78675000	77775000
chrY	78675000	79775000	78825000
chrY	79775000	80025000	79925000
chrY	80025000	80475000	80350000
chrY	80475000	82225000	82075000
chrY	82225000	82725000	82475000
chrY	82725000	83375000	83225000
chrY	83375000	84575000	83575000
chrY	84575000	85025000	84850000
chrY	85025000	85225000	85125000
chrY	85225000	85475000	85350000
chrY	85475000	85925000	85675000
chrY	85925000	86225000	86100000
chrY	86225000	87675000	87175000
chrY	87675000	88625000	88325000
chrY	88625000	89525000	89225000
chrY	89525000	90325000	89775000
chrY	90325000	90825000	90450000
chrY	90825000	91700000	91025000
chrY	91700000	92800000	92700000
