replication_chrom	replication_strand	replication_start	replication_end
chr1	-	20859897	20111656
chr1	+	20859897	21698599
chr1	-	22203662	21698599
chr1	+	22203662	22727431
chr1	-	23943323	22727431
chr1	+	23943323	24392267
chr1	-	24934742	24392267
chr1	+	24934742	25514629
chr1	+	25847810	27691031
chr1	-	25888750	25514629
chr1	-	28484640	27691031
chr1	+	28484640	29687854
chr1	-	30865468	29687854
chr1	+	30865468	31659077
chr1	-	33809502	31659077
chr1	+	33809502	34039904
chr1	-	34347108	34039904
chr1	+	34347108	35063916
chr1	-	36574334	35063916
chr1	+	36574334	37444744
chr1	-	38084751	37444744
chr1	+	38084751	38340754
chr1	-	38673558	38340754
chr1	+	38673558	39185564
chr1	-	39671969	39185564
chr1	-	57473834	56009066
chr1	+	57473834	57792789
chr1	-	58271221	57792789
chr1	+	58271221	58789523
chr1	-	59447367	58789523
chr1	+	59447367	60683317
chr1	-	61341161	60683317
chr1	+	61341161	61999006
chr1	-	62935936	61999006
chr1	+	62935936	63911848
chr1	-	64681797	63881128
chr1	+	64681797	65684234
chr1	-	66075259	65684234
chr1	+	66075259	66280081
chr1	-	66578005	66280081
chr1	+	66578005	66726966
chr1	-	66931789	66726966
chr1	+	66931789	67304193
chr1	-	67903095	67304193
chr1	+	67903095	68573423
chr1	-	69038929	68573423
chr1	+	69038929	69575860
chr1	-	69687581	69575860
chr1	+	69687581	70395150
chr1	-	72108210	70395150
chr1	+	72108210	72443374
chr1	-	72704057	72443374
chr1	+	72704057	73299904
chr1	-	77217718	76626513
chr1	+	77217718	77531719
chr1	-	78096921	77531719
chr1	+	78096921	79133124
chr1	-	79666925	79133124
chr1	+	79666925	79918126
chr1	-	80169327	79918126
chr1	+	80169327	80860129
chr1	-	81613731	80860129
chr1	+	81613731	81802132
chr1	-	82147533	81802132
chr1	+	82147533	82492934
chr1	-	82744135	82492934
chr1	+	82744135	83497737
chr1	-	84596741	83497737
chr1	+	84596741	85306977
chr1	-	86389599	85306977
chr1	+	86389599	86894822
chr1	-	87183522	86894822
chr1	+	87183522	87544395
chr1	-	87778964	87544395
chr1	+	87778964	88212012
chr1	-	88590930	88212012
chr1	+	88590930	88915716
chr1	-	89276590	88915716
chr1	+	89276590	89583333
chr1	-	90088557	89583333
chr1	+	90088557	90846392
chr1	-	91387703	90846392
chr1	+	91387703	91929014
chr1	-	92253800	91929014
chr1	+	92253800	92542500
chr1	-	93137942	92542500
chr1	+	93137942	94906224
chr1	+	121033577	123128652
chr1	-	125594633	123128652
chr1	+	125594633	126118401
chr1	+	126729537	127286228
chr1	-	126735700	126118401
chr1	-	127789046	127286228
chr1	+	127789046	128040455
chr1	-	128507357	128040455
chr1	+	128507357	129674612
chr1	-	130285177	129674612
chr1	+	130285177	130464754
chr1	-	131111234	130464754
chr1	+	131111234	131380601
chr1	-	132188701	131380601
chr1	+	132188701	132691518
chr1	-	133230252	132691518
chr1	+	133230252	133840816
chr1	-	134110183	133840816
chr1	+	134110183	134361591
chr1	-	134648916	134361591
chr1	+	134648916	134900325
chr1	-	135205607	134900325
chr1	+	135205607	135457016
chr1	-	135672509	135457016
chr1	+	135672509	135977791
chr1	-	136193284	135977791
chr2	+	34694538	35031294
chr2	-	35512373	35031294
chr2	+	35512373	36715071
chr2	-	37725338	36715071
chr2	+	37725338	38038040
chr2	-	38495065	38038040
chr2	+	38495065	40010465
chr2	-	40683976	40010465
chr2	+	40683976	41694243
chr2	-	42680455	41694243
chr2	+	42680455	43161535
chr2	-	44460449	43161535
chr2	+	44460449	44700989
chr2	-	44941528	44700989
chr2	+	44941528	46120173
chr2	-	46553144	46120173
chr2	+	46553144	47106386
chr2	-	47419087	47106386
chr2	+	47419087	47611519
chr2	-	91055558	88720159
chr2	+	91055558	92494451
chr2	-	93368064	92494451
chr2	+	93368064	93984733
chr2	-	94215984	93984733
chr2	+	94215984	95526404
chr2	-	96297240	95526404
chr2	+	96297240	96965297
chr2	-	97530576	96965297
chr2	+	97530576	98645256
chr2	-	99512745	98645256
chr2	+	99512745	100048547
chr2	-	101809040	100048547
chr2	+	101809040	102013155
chr2	-	102268299	102013155
chr2	+	102268299	103110274
chr2	-	103620562	103110274
chr2	+	116987842	117651076
chr2	-	118501839	117651076
chr2	+	118501839	118896836
chr2	-	119231064	118896836
chr2	+	119231064	119474140
chr2	-	119717215	119474140
chr2	+	119717215	120172980
chr2	-	120507209	120172980
chr2	+	120507209	120811053
chr2	-	121363194	120811053
chr2	+	121363194	121631431
chr2	-	121844122	121631431
chr2	+	121844122	123484879
chr2	-	124214104	123484879
chr2	+	124214104	124457179
chr2	-	125490248	124457179
chr2	+	125490248	126158705
chr2	-	127039852	126158705
chr2	+	127039852	127647540
chr2	-	128224843	127647540
chr2	+	128224843	128559072
chr2	-	128771762	128559072
chr2	+	128771762	128954069
chr2	-	129136375	128954069
chr2	+	129136375	129379450
chr2	-	129561757	129379450
chr2	+	129561757	129774447
chr2	+	130544064	130906935
chr2	-	130564441	129774447
chr2	-	131137854	130906935
chr2	+	131137854	131599690
chr2	-	131995549	131599690
chr2	+	131995549	134007836
chr2	-	134601625	134007836
chr2	+	134601625	135030473
chr2	-	135525297	135030473
chr2	+	135525297	135822192
chr2	-	136053110	135822192
chr2	+	136053110	136218052
chr2	-	136778853	136218052
chr2	+	136778853	136976783
chr2	-	137141724	136976783
chr2	+	137141724	138989069
chr2	-	139714811	138989069
chr2	+	139714811	139912741
chr2	-	140209636	139912741
chr2	+	140209636	140407566
chr2	-	140770437	140407566
chr2	+	140770437	141628133
chr2	-	142419852	141628133
chr2	+	142419852	142749735
chr2	-	142881688	142749735
chr2	+	142881688	143277548
chr2	+	144126241	145088399
chr2	-	144135243	143277548
chr2	-	145954342	145088399
chr2	+	145954342	147541904
chr2	-	147974876	147541904
chr2	+	147974876	148263523
chr2	-	148552171	148263523
chr2	+	148552171	149201628
chr2	-	150644866	149201628
chr2	+	150644866	151125945
chr2	-	151943780	151125945
chr2	+	151943780	152184320
chr2	-	152713507	152184320
chr2	+	152713507	153074317
chr2	-	153459180	153074317
chr2	+	153459180	154036476
chr2	-	154613771	154036476
chr2	+	154613771	155022688
chr2	-	156008901	155022688
chr2	+	156130472	156801354
chr2	-	157388376	156801354
chr2	+	157388376	157828642
chr2	-	158185048	157828642
chr2	+	158185048	159547777
chr2	-	160763750	159547777
chr2	+	160763750	162021653
chr2	-	163111836	162021653
chr2	+	163111836	164181054
chr2	-	165061587	164181054
chr2	+	165061587	165585713
chr2	-	165921154	165585713
chr2	+	165921154	166319490
chr2	-	166696861	166319490
chr2	+	166696861	167220988
chr2	-	172729952	171637804
chr2	+	172729952	173398615
chr2	-	173688368	173398615
chr2	+	173688368	174000411
chr2	-	174334742	174000411
chr2	+	174334742	174646784
chr2	-	174825094	174646784
chr2	+	174825094	175315447
chr2	-	176028687	175315447
chr2	+	176028687	176433715
chr2	-	176875659	176433715
chr2	+	176875659	177633476
chr2	-	178168406	177633476
chr2	+	178168406	178346716
chr2	-	178602593	178346716
chr2	+	178602593	178764733
chr2	-	179233923	178764733
chr2	+	179233923	179451761
chr2	-	180144375	179451761
chr2	+	180144375	180541427
chr2	-	180921724	180541427
chr2	+	180921724	181234909
chr2	-	181503354	181234909
chr3	-	19180617	18524583
chr3	+	19180617	19544290
chr3	-	19911130	19544290
chr3	+	19911130	20818578
chr3	-	21927941	20818578
chr3	+	21927941	23277870
chr3	-	23860417	23277870
chr3	+	23860417	24281183
chr3	-	25149428	24281183
chr3	+	25149428	25795994
chr3	-	27126072	25795994
chr3	+	27126072	27329279
chr3	-	27772638	27329279
chr3	+	27772638	28456151
chr3	-	28677830	28456151
chr3	+	28677830	29287450
chr3	-	29804702	29287450
chr3	+	29804702	30100275
chr3	-	30543635	30100275
chr3	+	30543635	30746841
chr3	-	31023941	30746841
chr3	+	31023941	31596613
chr3	-	32446385	31596613
chr3	+	32446385	33425471
chr3	-	49786630	48146149
chr3	+	49786630	50130602
chr3	-	51427110	50130602
chr3	+	51427110	51850460
chr3	-	52115054	51850460
chr3	+	52115054	52564863
chr3	-	53094050	52564863
chr3	+	53094050	54178884
chr3	-	55131421	54178884
chr3	+	55131421	55316637
chr3	-	55528312	55316637
chr3	+	55528312	55978121
chr3	-	56348552	55978121
chr3	+	56348552	56824821
chr3	-	57565683	56824821
chr3	+	57565683	57989033
chr3	-	58729895	57989033
chr3	+	58729895	59973485
chr3	-	60396835	59973485
chr3	+	60396835	60793726
chr3	-	61322913	60793726
chr3	+	61322913	61878560
chr3	-	62222531	61878560
chr3	+	79296837	80434308
chr3	-	80935045	80434308
chr3	+	80935045	81078113
chr3	-	81268870	81078113
chr3	+	81268870	81578850
chr3	-	81864986	81578850
chr3	+	81864986	82127277
chr3	-	82270344	82127277
chr3	+	82270344	82604169
chr3	+	84268264	85348671
chr3	-	84299719	82604169
chr3	-	86117774	85348671
chr3	+	86117774	86465702
chr3	-	86905190	86465702
chr3	+	86905190	87271429
chr3	-	87894037	87271429
chr3	+	87894037	88132093
chr3	-	88516644	88132093
chr3	+	88516644	88928480
chr3	-	89229380	88928480
chr3	+	89229380	89760380
chr3	-	90291380	89760380
chr3	+	90291380	91512681
chr3	-	92061381	91512681
chr3	+	92061381	92592381
chr3	+	102055716	102592463
chr3	-	103373186	102592463
chr3	+	103373186	104031921
chr3	-	104763849	104031921
chr3	+	104763849	105495777
chr3	-	105764151	105495777
chr3	+	105764151	106471681
chr3	-	108203910	106471681
chr3	+	108203910	109911742
chr3	-	110180116	109911742
chr3	+	110180116	112107526
chr3	-	113742165	112107526
chr3	+	113742165	114644876
chr3	-	116319938	114638454
chr3	+	116319938	116609371
chr3	-	116737310	116609371
chr3	+	116737310	117961868
chr3	-	118473624	117961868
chr3	+	118473624	118857441
chr3	-	119734736	118857441
chr3	+	119734736	120356154
chr3	-	121397942	120356154
chr3	+	121397942	121839589
chr3	-	122351344	121839589
chr3	+	122351344	124395369
chr4	+	57664874	58402655
chr4	-	59610724	58402655
chr4	+	59610724	60921608
chr4	-	62592342	60921608
chr4	+	62592342	63003600
chr4	-	63260636	63003600
chr4	+	63260636	64468705
chr4	-	65342627	64468705
chr4	+	65342627	67861580
chr4	-	70517555	67861580
chr4	+	70517555	71234363
chr4	-	72070394	71232480
chr4	+	72070394	73655147
chr4	-	74438415	73655147
chr4	+	74438415	74820941
chr4	-	75768149	74820941
chr4	+	75768149	76150676
chr4	-	76496771	76150676
chr4	+	76496771	79046947
chr4	-	91113263	90490437
chr4	+	91113263	92583132
chr4	-	95099349	92583132
chr4	+	95099349	96394827
chr4	-	97640479	96394827
chr4	+	97640479	97889610
chr4	-	98213479	97889610
chr4	+	98213479	98487523
chr4	-	99135262	98487523
chr4	+	99135262	99633522
chr4	-	100007218	99633522
chr4	+	100007218	100181609
chr4	-	100679870	100181609
chr4	+	100679870	100879174
chr4	-	101053566	100879174
chr4	+	101053566	101900609
chr4	-	102996783	101900609
chr4	+	102996783	103843826
chr4	+	123264092	123503128
chr4	-	123687002	123503128
chr4	+	123687002	124036362
chr4	-	124882182	124036362
chr4	+	124882182	125599290
chr4	-	126187686	125599290
chr4	+	126187686	126831245
chr4	-	126959957	126831245
chr4	+	126959957	128026425
chr4	-	129350317	128026425
chr4	+	129350317	129975488
chr4	-	130563884	129975488
chr4	+	130563884	131464866
chr4	-	132273911	131464866
chr4	+	132273911	132660046
chr4	-	133064569	132660046
chr5	-	13460555	11643793
chr5	+	13460555	15143732
chr5	-	15918527	15143732
chr5	+	15918527	16533020
chr5	-	17468118	16533020
chr5	+	17468118	18149024
chr5	-	18386931	18149024
chr5	+	18386931	18818223
chr5	-	19163257	18818223
chr5	+	19163257	19572985
chr5	-	20672780	19572985
chr5	+	20672780	20823732
chr5	-	20909991	20823732
chr5	+	20909991	21319719
chr5	-	21643188	21319719
chr5	+	21643188	22136858
chr5	-	22391956	22136858
chr5	+	22391956	22751108
chr5	-	23675157	22751108
chr5	+	23675157	23993795
chr5	-	24376160	23993795
chr5	+	24376160	25332073
chr5	-	25555120	25332073
chr5	+	25555120	26638488
chr5	-	26925262	26638488
chr5	+	26925262	27180172
chr5	-	28104222	27180172
chr5	+	28104222	28851964
chr5	-	29456577	28851964
chr5	+	29456577	29679329
chr5	-	30156654	29679329
chr5	+	30156654	30411228
chr5	-	30888554	30411228
chr5	+	30888554	31365879
chr5	-	31588631	31365879
chr5	+	31588631	31843205
chr5	-	32089981	31843205
chr5	+	32089981	32222179
chr5	-	32375708	32222179
chr5	+	32375708	32534446
chr5	-	32724931	32534446
chr5	+	32724931	32820173
chr5	-	32978911	32820173
chr5	+	32978911	33074153
chr5	-	33677355	33074153
chr5	+	53817171	55058089
chr5	-	55329341	55058089
chr5	+	55329341	56442901
chr5	-	57585014	56442901
chr5	+	57585014	58170346
chr5	-	58670021	58170346
chr5	+	58670021	60954246
chr5	+	75901757	76681932
chr5	-	77130533	76681932
chr5	+	77130533	79100475
chr5	-	80933886	79100475
chr5	+	80933886	81386092
chr5	-	81865991	81386092
chr5	+	81865991	82725920
chr5	-	83413864	82725920
chr5	+	83413864	84666904
chr5	-	86018221	84666904
chr5	+	86018221	86485040
chr5	-	86706165	86485040
chr5	+	86706165	87344969
chr5	-	88671717	87344969
chr5	+	88671717	89113967
chr5	-	89261383	89113967
chr5	+	89261383	89457939
chr5	-	89900188	89457939
chr5	+	89900188	90956673
chr5	-	92873087	90956673
chr5	+	92873087	93634738
chr5	-	105720484	104768131
chr5	+	105720484	106196661
chr5	-	107036972	106196661
chr5	+	107036972	107555164
chr5	-	107961314	107555164
chr5	+	107961314	108199403
chr5	-	108409481	108199403
chr5	+	108409481	109249792
chr5	-	110384212	109249792
chr5	+	110384212	110608295
chr5	-	110832378	110608295
chr5	+	110832378	111084472
chr5	-	111546643	111084472
chr5	+	111546643	111942290
chr5	-	112278414	111942290
chr5	+	125174778	126502471
chr5	-	127250807	126502471
chr5	+	127250807	127926724
chr5	-	128555886	127955578
chr5	+	128555886	128826993
chr5	-	129020640	128826993
chr5	+	129020640	129349842
chr5	-	129930785	129349842
chr5	+	129930785	130647282
chr5	-	130879659	130647282
chr5	+	130879659	131053942
chr5	-	131363778	131053942
chr5	+	131363778	131847898
chr5	-	132561580	131847898
chr5	+	132561580	133237496
chr5	-	134420350	133237496
chr5	+	134420350	134806588
chr5	-	135168686	134806588
chr5	+	135168686	135434225
chr5	-	135989442	135434225
chr5	+	135989442	136399820
chr5	-	136875310	136362611
chr5	+	136875310	137141154
chr5	-	137577897	137141154
chr5	+	137577897	138356440
chr5	-	139685659	138356440
chr5	+	139685659	140141391
chr5	-	140502179	140141391
chr5	+	140502179	141546565
chr5	-	142856795	141546565
chr5	+	142856795	143274550
chr5	-	143502416	143274550
chr5	+	143502416	143996126
chr5	-	144242981	143996126
chr5	+	144242981	144508825
chr5	-	144964557	144508825
chr5	+	144964557	145781077
chr5	-	146826393	145781077
chr5	+	146826393	147067440
chr5	-	147308488	147067440
chr5	+	147308488	147473415
chr5	-	147574909	147473415
chr5	+	147574909	147993571
chr5	-	149338364	147993571
chr5	+	149338364	150213747
chr5	-	150568975	150213747
chr5	+	150568975	150721216
chr5	-	150810023	150721216
chr5	+	150810023	151127191
chr5	-	151241372	151127191
chr5	+	151241372	151507793
chr5	-	151802759	151507793
chr6	+	12187156	12541582
chr6	-	12839300	12541582
chr6	+	12839300	13363850
chr6	-	13732453	13363850
chr6	+	13732453	14271180
chr6	-	14852438	14271180
chr6	+	14852438	15065094
chr6	-	15532936	15065094
chr6	+	15532936	16397735
chr6	-	16978993	16397735
chr6	+	16978993	17191649
chr6	-	17659491	17191649
chr6	+	17659491	18410874
chr6	-	18623529	18410874
chr6	-	24504930	24005600
chr6	+	24504930	25355641
chr6	-	25725515	25355641
chr6	+	25725515	26465264
chr6	-	28407104	26465264
chr6	+	28407104	28566106
chr6	-	29483929	28566106
chr6	+	29483929	29821088
chr6	-	30551600	29821088
chr6	+	30551600	31338305
chr6	-	31540962	31326659
chr6	+	31540962	32130294
chr6	-	32585688	32130294
chr6	+	32585688	32853566
chr6	-	33177247	32853566
chr6	+	33177247	33596671
chr6	-	34158700	33596671
chr6	+	34158700	34720727
chr6	-	34913662	34720727
chr6	+	34913662	36085476
chr6	-	36844955	36085476
chr6	+	36844955	37595014
chr6	-	38612952	37595014
chr6	+	38612952	38934406
chr6	-	39383130	38934406
chr6	+	39383130	41204184
chr6	-	41535285	41204184
chr6	+	41535285	41719230
chr6	-	42326248	41719230
chr6	+	42326248	43098816
chr6	-	43245972	43098816
chr6	+	43245972	43485101
chr6	-	43687440	43485101
chr6	+	43687440	44515192
chr6	-	45232577	44515192
chr6	+	45232577	45582072
chr6	-	47274365	45582072
chr6	-	48459171	48236500
chr6	+	48459171	48644730
chr6	-	49090072	48644730
chr6	+	49090072	49943644
chr6	-	50500322	49943644
chr6	+	50500322	50704437
chr6	-	51465230	50704437
chr6	+	51465230	51910572
chr6	-	52170355	51910572
chr6	+	52170355	52875479
chr6	-	53116706	52875479
chr6	+	53116706	53409286
chr6	-	53933167	53409286
chr6	+	53933167	54100170
chr6	-	54415621	54100170
chr6	+	54415621	54842407
chr6	-	55176413	54842407
chr6	+	55176413	56234101
chr6	-	56675798	56234101
chr6	+	56675798	57237472
chr6	-	57568603	57237472
chr6	+	57568603	58230866
chr6	-	58873649	58174961
chr6	+	58873649	59838219
chr6	-	61042956	59838219
chr6	+	61042956	61504772
chr6	-	61881842	61504772
chr6	+	61881842	62268020
chr6	-	63091009	62268020
chr6	+	63091009	63797066
chr6	-	64580145	63797066
chr6	+	64580145	64817798
chr6	-	65078824	64817798
chr6	+	65078824	66061140
chr6	-	67066640	66061140
chr6	+	67066640	68191061
chr6	+	72354820	75026495
chr6	-	76794267	75026495
chr6	+	76794267	77302005
chr6	-	78075347	77302005
chr6	+	78075347	79718390
chr6	-	80761702	79718390
chr6	+	80761702	81170844
chr6	-	82035713	81170844
chr6	+	82035713	82224302
chr6	-	83203765	82224302
chr6	+	83203765	83917227
chr6	-	84022148	83917227
chr6	+	84022148	84336911
chr6	-	84525769	84336911
chr6	+	84525769	84693642
chr6	-	85259276	84693642
chr6	+	85259276	85805313
chr6	-	86492262	85805313
chr6	+	86492262	87214440
chr6	-	87989459	87214440
chr6	+	87989459	88465040
chr6	-	88905392	88465040
chr6	+	88905392	89174859
chr6	-	89307536	89174859
chr6	+	89307536	89445741
chr6	-	89572889	89445741
chr6	+	89572889	90026200
chr6	-	90596344	90026200
chr6	+	90596344	90842941
chr6	-	91230451	90842941
chr6	+	91230451	91388978
chr6	-	91582733	91388978
chr6	+	91582733	91776488
chr6	-	92075927	91776488
chr6	+	92075927	92463437
chr6	-	92710034	92463437
chr6	+	92710034	93185615
chr6	-	93555510	93185615
chr6	+	93555510	93872564
chr6	-	94330530	93872564
chr6	+	94869254	95534594
chr6	-	95737892	95534594
chr6	+	95737892	96310824
chr6	-	97234907	96310824
chr6	+	97234907	97456687
chr6	-	97678467	97456687
chr6	+	97678467	98343807
chr6	-	98785591	98343807
chr6	+	98785591	99142792
chr6	-	100265425	99142792
chr6	+	100265425	101183943
chr6	-	101490116	101183943
chr6	+	101490116	102332091
chr6	-	102612749	102332091
chr6	+	102612749	102918922
chr6	-	103556781	102918922
chr6	+	103556781	105164188
chr6	-	106746080	105164188
chr6	+	106746080	107077767
chr6	-	108174886	107077767
chr6	+	108174886	108359854
chr6	-	108634145	108359854
chr6	+	108634145	110147031
chr6	-	110688600	110147031
chr6	+	110688600	111013541
chr6	-	112963189	111013541
chr6	+	112963189	113252025
chr6	-	113414496	113252025
chr6	+	113414496	114118535
chr6	-	114675773	114118535
chr6	+	114675773	115282404
chr6	-	115832164	115282404
chr6	+	115832164	116950640
chr6	-	117121255	116950640
chr6	+	117121255	117310828
chr6	-	117860587	117310828
chr6	+	117860587	118144946
chr6	-	118524090	118144946
chr6	+	118524090	118865320
chr6	-	119471952	118865320
chr6	+	119471952	119718396
chr6	-	120533557	119718396
chr6	+	120533557	120950616
chr6	-	121121231	120950616
chr6	+	121121231	121955349
chr6	-	122694681	121955349
chr6	+	137071271	138969645
chr6	-	140627994	138969645
chr6	+	140627994	141871756
chr6	-	143073518	141871756
chr6	+	143073518	143525375
chr6	-	143754454	143525375
chr6	+	143754454	144275087
chr6	-	145108099	144275087
chr6	+	145108099	145843066
chr6	-	146781343	145843066
chr6	+	146781343	147588697
chr6	-	148897920	147588697
chr7	+	44418972	44607142
chr7	-	45228103	44607142
chr7	+	45228103	46357123
chr7	-	46771097	46357123
chr7	+	46771097	47787215
chr7	-	48878601	47787215
chr7	+	48878601	49254941
chr7	+	49422282	50889709
chr7	-	49480745	49254941
chr7	-	51687076	50889709
chr7	+	51687076	53481151
chr7	-	54702118	53481151
chr7	+	54702118	55075884
chr7	-	56022757	55075884
chr7	+	56022757	56969630
chr7	-	57492902	56969630
chr7	+	57492902	57966338
chr7	-	58814498	57966338
chr7	+	58814498	61081584
chr7	-	62327236	61081584
chr7	+	62327236	63124454
chr7	-	64096062	63124454
chr7	+	96688884	97088918
chr7	-	97390581	97088918
chr7	+	97390581	97847763
chr7	-	98724029	97847763
chr7	+	98724029	98990719
chr7	-	99314556	98990719
chr7	+	99314556	99924132
chr7	-	100533709	99924132
chr7	+	100533709	101352827
chr7	-	101889331	101352827
chr7	+	101889331	103622814
chr7	-	104191166	103622814
chr7	+	104191166	104629299
chr7	-	105734156	104629299
chr7	+	105734156	106724717
chr7	+	110032164	110389429
chr7	-	110607758	110389429
chr7	+	110607758	110845934
chr7	-	111024567	110845934
chr7	+	111024567	111580313
chr7	-	112473476	111580313
chr7	+	112473476	112949830
chr7	-	113128462	112949830
chr7	+	113128462	113525423
chr7	-	114120865	113525423
chr7	+	114120865	114636915
chr7	-	115430838	114636915
chr7	+	115430838	115728559
chr7	-	116185064	115728559
chr7	+	116185064	116879747
chr7	-	117276708	116879747
chr7	+	117276708	117455341
chr7	-	118705769	117455341
chr7	+	118705769	119678324
chr7	-	119995893	119678324
chr7	+	119995893	120273766
chr7	-	120908904	120273766
chr7	+	120908904	121405106
chr7	+	130301987	131159836
chr7	-	131553017	131159836
chr7	+	131553017	131964069
chr7	-	132643200	131964069
chr7	+	132643200	133286586
chr7	-	133626151	133286586
chr7	+	133626151	134215923
chr7	-	134573360	134215923
chr7	+	134573360	134895053
chr7	-	135538440	134895053
chr7	+	135538440	136217570
chr7	-	136610751	136217570
chr7	+	136610751	136968188
chr7	-	137272009	136968188
chr7	+	137272009	138111986
chr7	-	139220041	138111986
chr7	+	139220041	139720453
chr8	+	8536663	9623624
chr8	-	10792619	9623624
chr8	+	10792619	11161776
chr8	-	11469406	11161776
chr8	+	11469406	11982123
chr8	-	12433314	11982123
chr8	+	12433314	12884506
chr8	-	13192136	12884506
chr8	+	13192136	13520275
chr8	-	13684345	13520275
chr8	+	13684345	14402149
chr8	-	15017409	14402149
chr8	+	15017409	16864462
chr8	-	18796417	16864462
chr8	+	18796417	19626872
chr8	-	20236963	19626872
chr8	+	25330120	25690990
chr8	-	25849773	25690990
chr8	+	25849773	26037425
chr8	-	26152903	26037425
chr8	+	26152903	26470469
chr8	-	27062296	26470469
chr8	+	27062296	28419167
chr8	-	28606819	28419167
chr8	+	28606819	28982124
chr8	-	29198646	28982124
chr8	+	29198646	29703863
chr8	-	31118473	29703863
chr8	+	31118473	31970126
chr8	-	32561953	31970126
chr8	+	34006838	34701426
chr8	-	35085667	34701426
chr8	+	35085667	35588135
chr8	-	36223610	35588135
chr8	+	36223610	37568452
chr8	-	37760572	37568452
chr8	+	37760572	38203927
chr8	-	38898515	38203927
chr8	+	38898515	39090636
chr8	-	39223642	39090636
chr8	+	39223642	39548769
chr8	-	40287693	39548769
chr8	+	40287693	40450256
chr8	-	41026617	40450256
chr8	+	41026617	42463824
chr8	+	44842963	45063093
chr8	-	45487631	45063093
chr8	+	45487631	45676314
chr8	-	45959340	45676314
chr8	+	45959340	46053681
chr8	-	46195194	46053681
chr8	+	46195194	46368154
chr8	-	46949927	46368154
chr8	+	46949927	47217229
chr8	-	47374465	47217229
chr8	+	47374465	47515978
chr8	-	47688937	47515978
chr8	+	47688937	47861897
chr8	-	48019133	47861897
chr8	+	48019133	48522289
chr8	-	48877536	48522289
chr8	+	48877536	49474630
chr8	-	49717200	49474630
chr8	+	49717200	50053066
chr8	-	50239658	50053066
chr8	+	50239658	50426250
chr8	-	50836752	50426250
chr8	+	50836752	51657757
chr8	-	53560996	51657757
chr8	+	53560996	53784906
chr8	-	53934180	53784906
chr8	+	53934180	54307364
chr8	+	61594567	62690518
chr8	-	62859430	62690518
chr8	+	62859430	63140951
chr8	-	63441240	63140951
chr8	+	63441240	63628921
chr8	-	63910442	63628921
chr8	+	63910442	64229499
chr8	-	64830077	64229499
chr8	+	64830077	65634520
chr8	-	65927005	65634520
chr8	+	65927005	66237771
chr8	-	66804461	66237771
chr8	+	66804461	67005545
chr8	-	67535735	67005545
chr8	+	67535735	67866305
chr8	-	68095161	67866305
chr8	+	68095161	68451160
chr8	-	69106296	68451160
chr8	+	69106296	69484046
chr8	-	70461660	69484046
chr8	+	70461660	71136099
chr8	-	71510581	71136099
chr8	+	71510581	71959961
chr8	-	72334444	71959961
chr8	+	72334444	73214479
chr8	-	73380013	73214479
chr8	+	73380013	73997915
chr8	-	75027953	73997915
chr8	+	75027953	76108025
chr8	-	76979397	76108025
chr8	+	76979397	77297502
chr8	-	77519515	77297502
chr8	+	77519515	77813850
chr8	-	78210280	77813850
chr8	+	78210280	78550078
chr8	-	79380694	78550078
chr8	+	79380694	80079167
chr8	-	80721007	80079167
chr8	+	80721007	81985809
chr8	-	84043472	81985809
chr8	+	84043472	84386366
chr8	-	84820552	84386366
chr8	+	84820552	85874603
chr8	-	86875118	85874603
chr8	+	107017713	107993700
chr8	-	108583666	107993700
chr8	+	108583666	109149051
chr8	-	109640689	109149051
chr8	+	109640689	110156910
chr8	-	110894368	110156910
chr8	+	110894368	111336842
chr8	-	111705571	111336842
chr8	+	111705571	112959250
chr8	-	114216550	112959250
chr8	+	114216550	114770028
chr8	-	115223896	114770028
chr8	+	115223896	115912384
chr8	-	116231242	115912384
chr8	+	116231242	116648922
chr8	-	117208431	116648922
chr8	+	117208431	117985632
chr8	-	118247820	117985632
chr8	+	118247820	118603647
chr8	-	119755403	118603647
chr8	+	119755403	119961408
chr8	-	120176777	119961408
chr8	+	120176777	120401510
chr8	-	120579423	120401510
chr8	+	120579423	120916522
chr8	-	121216166	120916522
chr8	+	121216166	121450263
chr9	+	7852539	8686244
chr9	-	9251012	8686244
chr9	+	9251012	9977143
chr9	-	10783955	9977143
chr9	+	10783955	11536979
chr9	-	13338858	11536979
chr9	+	13338858	14091883
chr9	-	14575970	14091883
chr9	+	14575970	16135806
chr9	-	16512318	16135806
chr9	+	16512318	17749429
chr9	-	18206622	17749429
chr9	+	18206622	19040328
chr9	-	27161910	25994519
chr9	+	27161910	27889018
chr9	-	28221822	27889018
chr9	+	28221822	28631427
chr9	-	29527437	28631427
chr9	+	29527437	30116244
chr9	-	30449048	30116244
chr9	+	30449048	30679450
chr9	-	31191456	30679450
chr9	+	31191456	31601061
chr9	-	31959465	31601061
chr9	+	31959465	32215468
chr9	-	32599472	32215468
chr9	+	32599472	33674685
chr9	-	35287503	33674685
chr9	+	35287503	36157913
chr9	-	37105124	36157913
chr9	+	37105124	38973946
chr9	-	40714766	38973946
chr9	+	40714766	40996369
chr9	-	41252372	40996369
chr9	+	41252372	41482774
chr9	+	63928011	64562118
chr9	-	65072927	64562118
chr9	+	65072927	65337138
chr9	-	65548507	65337138
chr9	+	65548507	65812719
chr9	-	66076930	65812719
chr9	+	66076930	66393983
chr9	-	66640581	66393983
chr9	+	66640581	66763879
chr9	+	66932329	67452239
chr9	-	66992862	66763879
chr9	-	67635737	67452239
chr9	+	67635737	68308562
chr9	-	68553226	68308562
chr9	+	68553226	68736724
chr9	-	69470715	68736724
chr9	+	69470715	69837710
chr9	-	70082374	69837710
chr9	+	70082374	70327038
chr9	-	70479952	70327038
chr9	+	70479952	70694033
chr9	-	70816365	70694033
chr9	+	70816365	71183361
chr9	-	71733854	71183361
chr9	+	71733854	71947935
chr9	-	72712509	71947935
chr9	+	72712509	73752329
chr9	-	74180491	73752329
chr9	+	74180491	74363989
chr9	-	75281478	74363989
chr9	+	75281478	76627128
chr9	-	114630263	112534101
chr9	+	114630263	116763200
chr9	-	117278047	116763200
chr9	+	117278047	117774506
chr9	-	119006461	117774506
chr9	+	119006461	119594857
chr9	-	119980992	119594857
chr9	+	119980992	120256803
chr9	-	120587776	120256803
chr9	+	120587776	120734875
chr9	-	121194560	120734875
chr10	+	5136565	6347854
chr10	-	7898304	6347854
chr10	+	7898304	8334368
chr10	-	8964238	8334368
chr10	+	8964238	9303399
chr10	-	9569883	9303399
chr10	+	9569883	10660043
chr10	-	11265688	10660043
chr10	+	11265688	11725978
chr10	-	12307396	11725978
chr10	+	12307396	12452751
chr10	-	12985718	12452751
chr10	+	12985718	13712492
chr10	-	13906298	13712492
chr10	+	13906298	15069136
chr10	-	15480974	15069136
chr10	+	15480974	15989715
chr10	-	17443262	15989715
chr10	-	27949452	27390845
chr10	+	27949452	28306887
chr10	-	28595200	28306887
chr10	+	28595200	28865494
chr10	-	29189846	28865494
chr10	+	29189846	29802511
chr10	-	30595372	29802511
chr10	+	30595372	32235153
chr10	-	32739701	32235153
chr10	+	32739701	33427401
chr10	-	34058085	33427401
chr10	+	34058085	35624048
chr10	-	37156473	35624048
chr10	+	37156473	38125248
chr10	-	39551989	38125248
chr10	+	39551989	40009955
chr10	-	40309395	40009955
chr10	+	40309395	41137257
chr10	-	42951507	41137257
chr10	+	42951507	44254950
chr10	-	44375134	44190949
chr10	+	44375134	44697457
chr10	-	45203965	44697457
chr10	+	45203965	47943712
chr10	-	49071843	47943712
chr10	+	49071843	49532305
chr10	-	50959736	49532305
chr10	+	50959736	51673451
chr10	-	52525306	51673451
chr10	+	52525306	52824606
chr10	-	53215998	52824606
chr10	+	53215998	53285067
chr10	-	53400183	53285067
chr10	+	53400183	55057845
chr10	+	84659045	85550070
chr10	-	86235108	85550070
chr10	+	86235108	86599618
chr10	-	87267887	86599618
chr10	+	87267887	87996907
chr10	-	88300666	87996907
chr10	+	88300666	88928433
chr10	-	89475198	88928433
chr10	+	89475198	90183968
chr10	-	91098724	90183968
chr10	+	91098724	91645489
chr10	-	92330528	91645489
chr10	+	92330528	92877293
chr10	-	93869570	92877293
chr10	+	93869570	94922599
chr10	-	95631369	94922599
chr10	+	105050430	105388684
chr10	-	105611103	105388684
chr10	+	105611103	106343984
chr10	-	108279543	106343984
chr10	+	108279543	109463429
chr10	-	111398988	109463429
chr10	+	111398988	113860718
chr10	+	115374230	115858966
chr10	-	115382857	113860718
chr10	-	117135172	115858966
chr10	+	117135172	118373842
chr10	-	119237158	118373842
chr10	+	119237158	119687584
chr10	-	120457061	119687584
chr10	+	120457061	121020093
chr10	-	121451751	121020093
chr10	+	121451751	122287037
chr10	-	122837921	122287037
chr10	+	122837921	124469053
chr11	-	72034228	70932837
chr11	+	72034228	72194203
chr11	-	72445593	72194203
chr11	+	72445593	72719837
chr11	-	72948374	72719837
chr11	+	72948374	73771106
chr11	-	74708105	73771106
chr11	+	74708105	74890935
chr11	-	75165179	74890935
chr11	+	75165179	75337478
chr11	-	75491641	75337478
chr11	+	75491641	76108291
chr11	-	76438639	76108291
chr11	+	76438639	77187428
chr11	-	77870147	77187428
chr11	+	77870147	78574890
chr11	-	79015354	78574890
chr11	+	79015354	79411772
chr11	-	79676050	79411772
chr11	+	79676050	81205507
chr11	-	81482472	81205507
chr11	+	81482472	81951180
chr12	-	28848023	27906482
chr12	+	28848023	30566335
chr12	-	31475469	30560746
chr12	+	31475469	31816425
chr12	-	32089191	31816425
chr12	+	32089191	32430147
chr12	-	33009773	32430147
chr12	+	33009773	33691687
chr12	-	33964452	33691687
chr12	+	33964452	34373600
chr12	-	35021417	34373600
chr12	+	35021417	35436425
chr12	-	36010191	35436425
chr12	+	36010191	37714974
chr12	-	38055931	37714974
chr12	+	38055931	38260505
chr12	-	38771939	38260505
chr12	+	38771939	39112896
chr12	-	40203957	39112896
chr12	+	40203957	40647201
chr12	-	40885870	40647201
chr12	+	40885870	41567783
chr12	-	41976931	41567783
chr12	+	41976931	42590653
chr12	-	42795227	42590653
chr12	+	42795227	43238471
chr12	-	44227245	43238471
chr12	+	46604079	47690373
chr12	-	48366289	47690373
chr12	+	48366289	48559408
chr12	-	49380164	48559408
chr12	+	49380164	49766402
chr12	-	50104360	49766402
chr12	+	50104360	50442319
chr12	-	51794152	50442319
chr12	+	51794152	52156250
chr12	-	52325229	52156250
chr12	+	52325229	52470068
chr12	-	52783887	52470068
chr12	+	52783887	52977006
chr12	-	53194264	52977006
chr12	+	53194264	53580502
chr12	-	54111580	53580502
chr12	+	54111580	54352978
chr12	-	54739216	54352978
chr12	+	54739216	55101315
chr12	-	55415133	55101315
chr12	+	55415133	56163469
chr12	-	56573847	56163469
chr12	+	56573847	57153204
chr12	-	57515302	57153204
chr12	+	57515302	58191219
chr12	-	59084394	58191219
chr12	+	59084394	60363807
chr12	-	61581976	60334434
chr12	+	61581976	62664748
chr12	-	65089216	62664748
chr12	+	65089216	65960142
chr12	-	66289681	65960142
chr12	+	66289681	66831067
chr12	-	67254761	66831067
chr12	+	67254761	67654916
chr12	-	69420305	67654916
chr12	+	69420305	69891076
chr12	-	70267692	69891076
chr12	+	70267692	70644308
chr12	-	71020925	70644308
chr12	+	71020925	71491695
chr12	-	71938927	71491695
chr12	+	71938927	72598006
chr12	-	72998161	72598006
chr12	+	72998161	73210008
chr12	+	73439927	74651871
chr12	-	76283004	74651871
chr12	+	76283004	77274595
chr12	-	77715303	77274595
chr12	+	77715303	78376363
chr12	-	79955564	78376363
chr12	+	79955564	81387862
chr12	-	81938746	81387862
chr12	+	81938746	82746709
chr12	-	108292878	106983077
chr12	+	108292878	109053978
chr12	-	109461078	109053978
chr12	+	109461078	110080579
chr12	-	110682379	110080579
chr12	+	110682379	111018679
chr12	-	111496579	111018679
chr12	+	111496579	111974479
chr12	-	112647080	111974479
chr12	+	112647080	114452481
chr12	-	115178181	114452481
chr12	+	115178181	115319781
chr12	-	115514481	115319781
chr12	+	115514481	115673781
chr12	-	117560284	115673781
chr13	-	3679422	2941739
chr13	+	3679422	4440902
chr13	-	4607476	4440902
chr13	+	4607476	4821642
chr13	-	5773492	4821642
chr13	+	5773492	6011455
chr13	-	6154232	6011455
chr13	+	6154232	6344602
chr13	-	6534972	6344602
chr13	+	6534972	7677192
chr13	-	9152559	7677192
chr13	+	9152559	9438114
chr13	-	9771262	9438114
chr13	+	9771262	10770704
chr13	-	11032463	10770704
chr13	+	11032463	11436999
chr13	-	12365053	11436999
chr13	+	12365053	12864774
chr13	-	13483476	12864774
chr13	+	13483476	13626254
chr13	-	13864216	13626254
chr13	+	13864216	14221160
chr13	-	14554307	14221160
chr13	+	14554307	14887455
chr13	-	15363380	14887455
chr13	+	15363380	15577546
chr13	-	15744120	15577546
chr13	+	15744120	16553192
chr13	+	41422521	42431160
chr13	-	43286794	42431160
chr13	+	43286794	43508625
chr13	-	43920597	43508625
chr13	+	43920597	44364259
chr13	-	44586090	44364259
chr13	+	44586090	44839612
chr13	-	45029753	44839612
chr13	+	45029753	45219894
chr13	-	45473415	45219894
chr13	+	45473415	45758626
chr13	-	46012148	45758626
chr13	+	46012148	46265669
chr13	-	46962853	46265669
chr13	+	46962853	47501585
chr13	-	47786797	47501585
chr13	+	47786797	47976938
chr13	-	49117783	47976938
chr13	+	49117783	50417080
chr13	-	51272714	50417080
chr13	+	51272714	51494546
chr13	-	51843137	51494546
chr13	+	51843137	52381870
chr13	-	52730462	52381870
chr13	+	52730462	52825532
chr13	-	53427645	52825532
chr13	+	53427645	53902998
chr13	-	54568491	53902998
chr13	+	54568491	54885393
chr13	-	55112671	54885393
chr13	+	55112671	55233984
chr13	-	55424125	55233984
chr13	+	55424125	55931168
chr13	+	69565527	70172116
chr13	-	70514971	70172116
chr13	+	70514971	70805079
chr13	-	71147934	70805079
chr13	+	71147934	71279802
chr13	-	71569910	71279802
chr13	+	71569910	71833644
chr13	-	72097379	71833644
chr13	+	72097379	72387487
chr13	-	72651221	72387487
chr13	+	72651221	72967703
chr13	-	73732533	72967703
chr13	+	73732533	75156700
chr13	-	75868783	75156700
chr13	+	75868783	76317132
chr13	-	76844601	76317132
chr13	+	76844601	77187456
chr13	-	77635805	77187456
chr13	+	77635805	77925913
chr13	-	78427009	77925913
chr13	+	78427009	79851175
chr13	-	80879740	79851175
chr13	+	80879740	81196222
chr13	-	81618197	81196222
chr13	+	81618197	82725882
chr13	-	83780821	82725882
chr14	-	8190649	7343262
chr14	+	8190649	8967420
chr14	-	9555883	8967420
chr14	+	9555883	10568040
chr14	-	11438965	10568040
chr14	+	11438965	11862659
chr14	-	12286352	11862659
chr14	+	12286352	13298509
chr14	-	13863433	13298509
chr14	+	13863433	14192973
chr14	-	14616666	14192973
chr14	+	14616666	15322822
chr14	-	16334979	15322822
chr14	+	16334979	17139971
chr14	-	17589516	17139971
chr14	+	17589516	17814289
chr14	-	18263835	17814289
chr14	+	18263835	18713381
chr14	-	18891336	18712650
chr14	+	18891336	19445265
chr14	-	20160011	19445265
chr14	+	20160011	20428041
chr14	-	20660334	20428041
chr14	+	20660334	21139263
chr14	-	21635723	21139263
chr14	+	21635723	22371218
chr14	-	22665416	22371218
chr14	+	22665416	23161876
chr14	-	23327362	23161876
chr14	+	23327362	23768659
chr14	-	24743191	23768659
chr14	+	24743191	25000614
chr14	-	25349975	25000614
chr14	+	25349975	25533848
chr14	-	25736110	25533848
chr14	+	25736110	26747416
chr14	-	27096776	26747416
chr14	+	27096776	27446137
chr14	-	27574848	27446137
chr14	+	27574848	27905821
chr14	-	28457443	27905821
chr14	+	28457443	28714866
chr14	-	29027452	28714866
chr14	+	29027452	29615848
chr14	-	30608767	29615848
chr14	-	34470204	33668606
chr14	+	34470204	35346370
chr14	-	35514146	35346370
chr14	+	35514146	35980192
chr14	-	36986851	35980192
chr14	+	36986851	37900300
chr14	-	38198569	37900300
chr14	+	38198569	38906959
chr14	-	39484855	38906959
chr14	+	39484855	39969543
chr14	-	40938918	39969543
chr14	+	40938918	42542115
chr14	-	43958893	42542115
chr14	+	86539139	86833972
chr14	-	87177943	86833972
chr14	+	87177943	88652108
chr14	-	89020649	88652108
chr14	+	89020649	90986202
chr14	-	92976324	90986202
chr14	+	92976324	93541421
chr14	-	94204795	93541421
chr14	+	94204795	95113863
chr14	-	95973792	95113863
chr14	+	95973792	96440611
chr14	-	97669082	96440611
chr14	+	97669082	97963915
chr14	-	98234178	97963915
chr14	+	98234178	98529011
chr14	-	98897552	98529011
chr14	+	98897552	99118677
chr14	-	99315232	99118677
chr14	+	99315232	99978606
chr14	-	114830240	113580883
chr14	+	114830240	115653434
chr14	-	116787465	115653434
chr14	+	116787465	117364091
chr14	-	117959938	117364091
chr14	+	117959938	118382798
chr14	-	118759695	118359600
chr14	+	118759695	119502959
chr14	-	120124377	119502959
chr14	+	120124377	120355886
chr14	-	120879826	120355886
chr14	+	120879826	121147888
chr14	-	121428136	121147888
chr14	+	121428136	121720567
chr14	-	122307430	121720567
chr14	+	122307430	124244791
chr15	+	25512962	26630175
chr15	-	27855909	26630175
chr15	+	27855909	29196565
chr15	-	30053095	29196565
chr15	+	30053095	30537221
chr15	-	31430991	30537221
chr15	+	31430991	32436483
chr15	-	32659926	32436483
chr15	+	32659926	33274393
chr15	-	34320326	33274393
chr15	+	34320326	34934793
chr15	-	35266757	34934793
chr15	+	35266757	35639161
chr15	-	41094353	40846082
chr15	+	41094353	41541241
chr15	-	41913648	41541241
chr15	+	41913648	42037784
chr15	-	42708117	42037784
chr15	+	42708117	43428103
chr15	-	43651548	43428103
chr15	+	43651548	43974300
chr15	-	44247399	43974300
chr15	+	44247399	44470843
chr15	-	44619806	44470843
chr15	+	44619806	45488755
chr15	-	46258396	45488755
chr15	+	46258396	47698370
chr15	-	50578317	47698370
chr15	+	50578317	50727280
chr15	-	50901070	50727280
chr15	+	50901070	51198996
chr15	-	51894155	51198996
chr15	+	51894155	52192081
chr15	-	52961722	52192081
chr15	+	52961722	53185166
chr15	-	53358956	53185166
chr15	+	53358956	54352041
chr15	+	65860704	66034494
chr15	-	66779308	66034494
chr15	+	66779308	67623430
chr15	-	68268936	67623430
chr15	+	68268936	68815133
chr15	-	69113058	68815133
chr15	+	69113058	69336502
chr15	-	69510292	69336502
chr15	+	69510292	70503378
chr15	-	73010918	70503378
chr15	+	73010918	73259189
chr15	-	73482633	73259189
chr15	+	73482633	74277102
chr15	-	74575027	74277102
chr15	+	74575027	74972261
chr15	-	76337753	74972261
chr15	+	76337753	77157049
chr15	-	77306012	77157049
chr15	+	77306012	77529456
chr15	-	77852208	77529456
chr15	+	77852208	78150134
chr15	-	78919775	78150134
chr16	-	4542080	3230256
chr16	+	4542080	6305107
chr16	-	6893747	6305107
chr16	+	6893747	7482386
chr16	-	8642846	7482386
chr16	+	8642846	9769670
chr16	-	10930130	9769670
chr16	+	10930130	12426955
chr16	+	38124919	39836919
chr16	-	40504541	39836919
chr16	+	40504541	40865418
chr16	-	41388689	40865418
chr16	+	41388689	41677391
chr16	-	42543495	41677391
chr16	+	42543495	43229161
chr16	-	44618536	43229161
chr16	+	44618536	45412465
chr16	-	45683122	45412465
chr16	+	45683122	47704032
chr17	+	3312528	4052188
chr17	-	4876380	4052188
chr17	+	4876380	5066578
chr17	-	5320175	5066578
chr17	+	5320175	5510373
chr17	-	5848504	5510373
chr17	+	5848504	6102101
chr17	-	6271166	6102101
chr17	+	6271166	6419098
chr17	-	6693829	6419098
chr17	+	6693829	7581420
chr17	-	8046349	7581420
chr17	+	8046349	8173148
chr17	-	8299946	8173148
chr17	+	8299946	9187538
chr17	-	10075129	9187538
chr17	+	10075129	10244194
chr17	-	10370993	10244194
chr17	+	10370993	11237451
chr17	-	11998244	11237451
chr17	+	11998244	12146176
chr17	-	12294108	12146176
chr17	+	12294108	12484306
chr17	-	12843569	12484306
chr17	+	12843569	13287365
chr17	-	13646628	13287365
chr17	+	13646628	14196090
chr17	-	15020282	14196090
chr17	-	62942283	61143815
chr17	+	62942283	63294673
chr17	-	63697406	63294673
chr17	+	63697406	63949113
chr17	-	64125308	63949113
chr17	+	64125308	64351845
chr17	-	64528041	64351845
chr17	+	64528041	64981114
chr17	-	65736237	64981114
chr17	+	65736237	65987945
chr17	-	66267295	65987945
chr17	+	66267295	67047588
chr17	-	67551004	67047588
chr17	+	67551004	68583005
chr17	-	69338128	68583005
chr17	+	69338128	69816372
chr17	-	71074910	69816372
chr17	+	71074910	72383790
chr17	-	72937546	72383790
chr17	+	72937546	73566815
chr17	-	74548475	73566815
chr17	+	74548475	76813843
chr17	-	81655397	81494550
chr17	+	81655397	82191552
chr17	-	83174504	82191552
chr17	+	83174504	83496197
chr17	-	84006795	83484136
chr17	+	84006795	84328431
chr17	-	84589760	84328431
chr17	+	84589760	85212929
chr17	-	85614974	85212929
chr17	+	85614974	86298451
chr17	-	86821109	86298451
chr17	+	86821109	87042234
chr17	-	87383972	87042234
chr17	+	87383972	88251401
chr17	-	88548383	88251401
chr17	+	88548383	90033292
chr17	-	90501740	90033292
chr17	+	90501740	92190754
chr17	-	93273930	92190754
chr17	+	93273930	93736281
chr17	-	95063029	93736281
chr18	-	20730902	19254968
chr18	+	20730902	22189490
chr18	-	23864895	22189490
chr18	+	23864895	24259108
chr18	-	24633610	24259108
chr18	+	24633610	25224930
chr18	-	25520589	25224930
chr18	+	25520589	28831978
chr18	-	30369408	28831978
chr18	-	33827247	32976253
chr18	+	33827247	34204319
chr18	-	34819542	34204319
chr18	+	34819542	35196615
chr18	-	35772146	35196615
chr18	+	35772146	36188910
chr18	-	36466753	36188910
chr18	+	36466753	37320128
chr18	-	38233040	37320128
chr18	+	38233040	39924279
chr18	-	40116745	39924279
chr18	+	40116745	40905856
chr18	-	42503325	40905856
chr18	+	42503325	43003737
chr18	-	43427162	43003737
chr18	+	43427162	44062300
chr18	-	65520271	64787525
chr18	+	65520271	66735557
chr18	-	67533111	66735557
chr18	+	67533111	68644431
chr18	-	69200091	68644431
chr18	+	69200091	69527106
chr18	-	69736590	69527106
chr18	+	69736590	70100643
chr18	-	70522178	70100643
chr18	+	70522178	71020356
chr18	-	71173641	71020356
chr18	+	71173641	71690980
chr18	-	72380765	71690980
chr18	+	72380765	72878943
chr18	-	73741174	72878943
chr18	+	73741174	74201030
chr18	-	75331511	74201030
chr18	+	75331511	76711080
chr19	-	4129593	2663790
chr19	+	4129593	4623462
chr19	-	5004446	4623462
chr19	+	5004446	5216104
chr19	-	5766415	5216104
chr19	+	5766415	6119178
chr19	-	6344946	6119178
chr19	+	6344946	6641268
chr19	-	7064584	6641268
chr19	+	7064584	8101129
chr19	-	8784212	8101129
chr19	+	8784212	9385325
chr19	-	10259671	9385325
chr19	+	24113348	24682925
chr19	-	25125929	24682925
chr19	+	25125929	26075223
chr19	-	26771371	26075223
chr19	+	26771371	27024517
chr19	-	27340948	27024517
chr19	+	27340948	27815595
chr19	-	28226955	27815595
chr19	+	28226955	28859818
chr19	-	29049677	28859818
chr19	+	29049677	29524324
chr19	-	29650896	29524324
chr19	+	29650896	29745826
chr19	-	29904041	29745826
chr19	+	29904041	31201410
chr19	-	31929202	31201410
chr19	+	31929202	32182347
chr19	-	32751923	32182347
chr19	+	32751923	33764503
chr19	-	34808727	33764503
chr19	+	34808727	35473232
chr19	-	36833887	35473232
chr19	+	36833887	37181961
